;nomor_unsur;unsur;nomor_sub_unsur;sub_unsur;Unnamed: 4;kegiatan;ak;jenjang;ada_urjab;topik;tim;"satuan_hasil
";batas_penilaian;batas_penilaian_tahunan;activities;activity_code
0;I;Tata Kelola dan Tata Laksana Teknologi Informasi;A;IT Enterprise;1;Melakukan Identifikasi dan Analisis Kebutuhan Bisnis Institusi;4.16;Utama;;;;Dokumen hasil identifikasi dan analisis kebutuhan bisnis institusi;"Jumlah maksimum   kegiatan identifikasi dan analisis kebutuhan bisnis institusi yang dapat dinilai adalah 2 (dua) kali per tahun.
";2 per tahun;Melakukan Identifikasi dan Analisis Kebutuhan Bisnis Institusi;I.A.1
1;I;Tata Kelola dan Tata Laksana Teknologi Informasi;A;IT Enterprise;2;Melakukan Reviu TI Yang Digunakan Institusi Saat Ini Atau Tren TI Terkinii;0.78;Madya;;;;Dokumen hasil reviu TI yang digunakan institusi saat ini atau tren TI terkini;"Kegiatan   ini   dapat   dilakukan   untuk   setiap
sistem TI yang digunakan institusi saat ini atau untuk setiap trend teknologi secara spesifik. Jumlah maksimum kegiatan reviu TI yang digunakan institusi saat ini atau tren TI terkini yang dapat dinilai adalah 1 (satu) kali per bulan.
";12 per tahun;Melakukan Reviu TI Yang Digunakan Institusi Saat Ini Atau Tren TI Terkinii;I.A.2
2;I;Tata Kelola dan Tata Laksana Teknologi Informasi;A;IT Enterprise;3;Melakukan Analisis Terhadap Strategi Bisnis Institusi yang Berdampak Pada Strategi TI Institusi;2.2;Utama;;;;Dokumen hasil analisis terhadap strategi bisnis institusi;"Jumlah maksimum   kegiatan analisis strategi bisnis institusi yang berdampak pada strategi TI institusi yang dapat dinilai adalah 2 (dua) kali per tahun
";2 per tahun;Melakukan Analisis Terhadap Strategi Bisnis Institusi yang Berdampak Pada Strategi TI Institusi;I.A.3
3;I;Tata Kelola dan Tata Laksana Teknologi Informasi;A;IT Enterprise;4;Melakukan Analisis Dampak TI yang Digunakan Institusi Saat Ini dan Trennya Terhadap Perubahan Strategi Bisnis Institusi;1.32;Madya;v;Design and Strategy;;"Dokumen hasil    analisis dampak TI yang digunakan institusi saat ini dan trennya
";"Jumlah maksimum kegiatan analisis dampak TI yang digunakan institusi saat ini dan trennya terhadap perubahan strategi bisnis institusi yang dapat dinilai adalah 4 (empat) kali per tahun
";4 per tahun;Melakukan Analisis Dampak TI yang Digunakan Institusi Saat Ini dan Trennya Terhadap Perubahan Strategi Bisnis Institusi;I.A.4
4;I;Tata Kelola dan Tata Laksana Teknologi Informasi;A;IT Enterprise;5;Menyusun Kerangka Kerja Untuk Penyusunan Strategi TI;1.32;Madya;v;Design and Strategy;;Dokumen hasil kerangka kerja untuk penyusunan strategi TI;Jumlah maksimum kegiatan penyusunan kerangka kerja untuk penyusunan strategi TI yang dapat dinilai adalah 1 (satu) kali per tahun;1 per tahun;Menyusun Kerangka Kerja Untuk Penyusunan Strategi TI;I.A.5
5;I;Tata Kelola dan Tata Laksana Teknologi Informasi;A;IT Enterprise;6;Melakukan Pengkajian Terhadap Kerangka Kerja Untuk Penyusunan Strategi TI;1.32;Madya;v;Design and Strategy;;Dokumen kajian kerangka kerja untuk penyusunan strategi TI;Jumlah maksimum kegiatan pengkajian kerangka kerja untuk penyusunan strategi TI yang dapat dinilai adalah 1 (satu) kali per tahun;1 per tahun;Melakukan Pengkajian Terhadap Kerangka Kerja Untuk Penyusunan Strategi TI;I.A.6
6;I;Tata Kelola dan Tata Laksana Teknologi Informasi;A;IT Enterprise;7;Melakukan Analisis Kesenjangan Terhadap Strategi TI;1.32;Madya;v;Design and Strategy;;Dokumen hasil analisis kesenjangan terhadap strategi TI;Jumlah maksimum kegiatan analisis kesenjangan terhadap strategi TI yang dapat dinilai adalah 1 (satu) kali per tahun;1 per tahun;Melakukan Analisis Kesenjangan Terhadap Strategi TI;I.A.7
7;I;Tata Kelola dan Tata Laksana Teknologi Informasi;A;IT Enterprise;8;Menyusun strategi TI ;2.816;Utama;v;Design and Strategy;;Dokumen strategi TI;Jumlah maksimum kegiatan penyusunan strategi TI yang dapat dinilai adalah 1 (satu) kali per tahun.;1 per tahun;Menyusun strategi TI ;I.A.8
8;I;Tata Kelola dan Tata Laksana Teknologi Informasi;A;IT Enterprise;9;Melakukan pengkajian terhadap strategi TI ;2.2;Utama;v;Design and Strategy;;Dokumen kajian strategi TI;Jumlah maksimum kegiatan pengkajian strategi TI yang dapat dinilai adalah 1 (satu) kali per tahun;1 per tahun;Melakukan pengkajian terhadap strategi TI ;I.A.9
9;I;Tata Kelola dan Tata Laksana Teknologi Informasi;A;IT Enterprise;10;Menyusun komponen Enterprise Architecture (EA) saat ini;1.32;Madya;v;Design and Strategy;;Dokumen komponen Enterprise Architecture (EA);Jumlah maksimum kegiatan ini yang dapat dinilai adalah 4 (empat) kali per tahun.;4 per tahun;Menyusun komponen Enterprise Architecture (EA) saat ini;I.A.10
10;I;Tata Kelola dan Tata Laksana Teknologi Informasi;A;IT Enterprise;11;Menyusun pengembangan komponen Enterprise Architecture (EA ) masa yang akan datang;4.84;Utama;v;Design and Strategy;;Dokumen pengembangan komponen Enterprise Architecture (EA) masa yang akan datang;Maksimal kegiatan yang dapat dinilaikan adalah 1 (satu) kali per tahun.;1 per tahun;Menyusun pengembangan komponen Enterprise Architecture (EA ) masa yang akan datang;I.A.11
11;I;Tata Kelola dan Tata Laksana Teknologi Informasi;A;IT Enterprise;12;Melakukan analisis kesenjangan terhadap komponen Enterprise Architecture (EA );0.6;Madya;v;Design and Strategy;;Dokumen hasil analisis kesenjangan terhadap komponen Enterprise Architecture (EA);Maksimal kegiatan yang dapat dinilai adalah 4 (empat) kali per tahun. Kegiatan analisis kesenjangan yang dapat dinilai adalah penyusunan dokumen analisa kesenjangan untuk setiap domain arsitektur yang telah disetujui.;4 per tahun;Melakukan analisis kesenjangan terhadap komponen Enterprise Architecture (EA );I.A.12
12;I;Tata Kelola dan Tata Laksana Teknologi Informasi;A;IT Enterprise;13;Melakukan pengkajian terhadap analisis kesenjangan terhadap komponen Enterprise Architecture (EA );3.52;Utama;v;Design and Strategy;;Dokumen kajian analisis kesenjangan terhadap komponen Enterprise Architecture (EA);Maksimal kegiatan yang dapat dinilai adalah 4 (empat) kali per tahun;4 per tahun;Melakukan pengkajian terhadap analisis kesenjangan terhadap komponen Enterprise Architecture (EA );I.A.13
13;I;Tata Kelola dan Tata Laksana Teknologi Informasi;A;IT Enterprise;14;Membuat usulan roadmap pada masingmasing komponen Enterprise Architecture (EA );0.72;Madya;v;Design and Strategy;;Dokumen usulan roadmap pada masing-masing komponen Enterprise Architecture (EA);Maksimal kegiatan yang dapat dinilai adalah 4 (empat) kali per tahun. Kegiatan yang dapat dinilai AKnya adalah roadmap dengan satuan terkecil dalam domain EA antara lain visi, bisnis, data, aplikasi, atau teknologi.;4 per tahun;Membuat usulan roadmap pada masingmasing komponen Enterprise Architecture (EA );I.A.14
14;I;Tata Kelola dan Tata Laksana Teknologi Informasi;A;IT Enterprise;15;Melakukan pengkajian terhadap usulan roadmap pada masing-masing komponen Enterprise Architecture (EA );1.6;Utama;v;Design and Strategy;;Dokumen kajian terhadap usulan roadmap pada masing-masing komponen Enterprise Architecture (EA);Maksimal kegiatan yang dapat dinilai adalah 4 (empat) kali per tahun. Kegiatan yang dapat dinilai sesuai AK ini adalah pengkajian usulan setiap roadmap. Seorang Pranata Komputer tidak boleh mengkaji roadmap yang disusun sendiri.;4 per tahun;Melakukan pengkajian terhadap usulan roadmap pada masing-masing komponen Enterprise Architecture (EA );I.A.15
15;I;Tata Kelola dan Tata Laksana Teknologi Informasi;A;IT Enterprise;16;Menyusun strategi implementasi Enterprise Architecture (EA );2.2;Utama;v;Design and Strategy;;Dokumen strategi implementasi Enterprise Architecture (EA);Maksimal kegiatan yang dapat dinilai adalah 2 (dua) kali per tahun;2 per tahun;Menyusun strategi implementasi Enterprise Architecture (EA );I.A.16
16;I;Tata Kelola dan Tata Laksana Teknologi Informasi;A;IT Enterprise;17;Melakukan pengkajian terhadap kelayakan strategi implementasi Enterprise Architecture (EA);1.1;Utama;v;Design and Strategy;;Dokumen kajian terhadap kelayakan strategi implementasi Enterprise Architecture (EA);Maksimal kegiatan yang dapat dinilai adalah 2 (dua) kali per tahun;2 per tahun;Melakukan pengkajian terhadap kelayakan strategi implementasi Enterprise Architecture (EA);I.A.17
17;I;Tata Kelola dan Tata Laksana Teknologi Informasi;A;IT Enterprise;18;Menyusun atau mengkaji kerangka kerja tata kelola TI;2.308;Utama;v;Design and Strategy;;Dokumen kerangka kerja tata kelola TI atau hasil kajian kerangka kerja tata kelola TI;Jumlah maksimum kegiatan Menyusun kerangka kerja tata kelola TI yang dapat dinilai adalah 1 (satu) kali per tahun. Jumlah maksimum kegiatan mengkaji kerangka kerja tata kelola TI yang dapat dinilai adalah 1 (satu) kali per tahun.;2 per tahun;Menyusun atau mengkaji kerangka kerja tata kelola TI;I.A.18
18;I;Tata Kelola dan Tata Laksana Teknologi Informasi;A;IT Enterprise;19;Menyusun tata kelola TI ;1.32;Madya;v;Design and Strategy;;Dokumen tata kelola TI;Jumlah maksimum kegiatan Menyusun tata kelola TI yang dapat dinilai adalah 4 (empat) kali per tahun.;4 per tahun;Menyusun tata kelola TI ;I.A.19
19;I;Tata Kelola dan Tata Laksana Teknologi Informasi;A;IT Enterprise;20;Melakukan pengkajian terhadap tata kelola TI ;0.825;Madya;v;Design and Strategy;;Dokumen kajian tata kelola TI;Jumlah maksimum kegiatan mengkaji tata kelola TI yang dapat dinilai adalah 4 (empat) kali per tahun.;4 per tahun;Melakukan pengkajian terhadap tata kelola TI ;I.A.20
20;I;Tata Kelola dan Tata Laksana Teknologi Informasi;A;IT Enterprise;21;Menyusun struktur tata kelola TI ;1.1;Utama;v;Design and Strategy;;Dokumen struktur tata kelola TI;Jumlah maksimum kegiatan Menyusun struktur tata kelola TI yang dapat dinilai adalah 4 (empat) kali per tahun;4 per tahun;Menyusun struktur tata kelola TI ;I.A.21
21;I;Tata Kelola dan Tata Laksana Teknologi Informasi;A;IT Enterprise;22;Menyusun atau mengkaji kerangka kerja kebijakan TI;2.2;Utama;v;Design and Strategy;;Dokumen kerangka kerja TI atau hasil kajian kerangka kerja TI;Jumlah maksimum kegiatan Menyusun kerangka kerja kebijakan TI yang dapat dinilai adalah 1 (satu) kali per tahun. Jumlah maksimum kegiatan mengkaji kerangka kebijakan kelola TI yang dapat dinilai adalah 1 (satu) kali per tahun.;2 per tahun;Menyusun atau mengkaji kerangka kerja kebijakan TI;I.A.22
22;I;Tata Kelola dan Tata Laksana Teknologi Informasi;A;IT Enterprise;23;Menyusun atau mengkaji kebijakan TI ;2.2;Utama;v;Design and Strategy;;Dokumen TI atau hasil kajian TI;Jumlah maksimum kegiatan Menyusun kebijakan TI yang dapat dinilai adalah 1 (satu) kali per tahun. Jumlah maksimum kegiatan mengkaji kebijakan TI yang dapat dinilai adalah 1 (satu) kali per tahun.;2 per tahun;Menyusun atau mengkaji kebijakan TI ;I.A.23
23;I;Tata Kelola dan Tata Laksana Teknologi Informasi;A;IT Enterprise;24;Menyusun instrumen untuk mengukur keselarasan tujuan TI dan tujuan bisnis;1.408;Utama;v;Design and Strategy;;Instrumen pengukuran keselarasan tujuan TI dan tujuan bisnis;Jumlah maksimum kegiatan Menyusun instrumen untuk mengukur keselarasan tujuan TI dan tujuan bisnis yang dapat dinilai adalah 1 (satu) kali per tahun.;1 per tahun;Menyusun instrumen untuk mengukur keselarasan tujuan TI dan tujuan bisnis;I.A.24
24;I;Tata Kelola dan Tata Laksana Teknologi Informasi;A;IT Enterprise;25;Melakukan pengukuran dan pengkajian terhadap keselarasan tujuan TI dengan tujuan bisnis;1.32;Madya;v;Design and Strategy;;Dokumen ukuran dan kajian keselarasan tujuan TI dengan tujuan bisnis;Jumlah maksimum kegiatan Melakukan pengukuran dan pengkajian terhadap keselarasan tujuan TI dengan tujuan bisnis yang dapat dinilai adalah 1 (satu) kali per tahun.;1 per tahun;Melakukan pengukuran dan pengkajian terhadap keselarasan tujuan TI dengan tujuan bisnis;I.A.25
25;I;Tata Kelola dan Tata Laksana Teknologi Informasi;A;IT Enterprise;26;Menetapkan target manfaat atau dampak dari implementasi TI;0.495;Madya;v;Design and Strategy;;Dokumen target manfaat atau dampak dari implementasi TI;Maksimal kegiatan menentukan target atau manfaat implementasi TI yang dapat dinilai adalah 4 (empat) kali per tahun;4 per tahun;Menetapkan target manfaat atau dampak dari implementasi TI;I.A.26
26;I;Tata Kelola dan Tata Laksana Teknologi Informasi;A;IT Enterprise;27;Melakukan evaluasi target manfaat atau dampak dari implementasi TI;0.44;Utama;v;Design and Strategy;;Dokumen evaluasi target manfaat atau dampak dari implementasi TI;Maksimal kegiatan yang dapat dinilai adalah 4 (empat) kali per tahun. Kegiatan evaluasi yang dapat dinilai adalah kegiatan evaluasi terhadap dokumen usulan manfaat atau dampak implementasi TI yang diusulkan untuk setiap program atau project kegiatan TI.;4 per tahun;Melakukan evaluasi target manfaat atau dampak dari implementasi TI;I.A.27
27;I;Tata Kelola dan Tata Laksana Teknologi Informasi;A;IT Enterprise;28;Menetapkan cara mengukur performa TI;1.155;Madya;v;Design and Strategy;;Instrumen pengukuran performa TI;Jumlah maksimum kegiatan menetapkan cara mengukur performa TI yang dapat dinilai adalah 4 (empat) kali per tahun;4 per tahun;Menetapkan cara mengukur performa TI;I.A.28
28;I;Tata Kelola dan Tata Laksana Teknologi Informasi;A;IT Enterprise;29;Melakukan pengukuran performa TI;0.22;Muda;v;Design and Strategy;;Dokumen hasil pengukuran Performa TI;Jumlah maksimum kegiatan melakukan pengukuran performa TI yang dapat dinilai adalah 4 (empat) kali per tahun;4 per tahun;Melakukan pengukuran performa TI;I.A.29
29;I;Tata Kelola dan Tata Laksana Teknologi Informasi;A;IT Enterprise;30;Menyusun rencana TI;5.72;Utama;v;Design and Strategy;;Dokumen rencana TI;Jumlah maksimum kegiatan penyusunan rencana TI yang dapat dinilai adalah 2 (dua) kali per tahun;2 per tahun;Menyusun rencana TI;I.A.30
30;I;Tata Kelola dan Tata Laksana Teknologi Informasi;A;IT Enterprise;31;Menyusun revisi rencana TI;0.96;Utama;v;Design and Strategy;;Dokumen revisi rencana TI;Jumlah maksimum kegiatan penyusunan revisi rencana TI yang dapat dinilai adalah 2 (dua) kali per tahun;2 per tahun;Menyusun revisi rencana TI;I.A.31
31;I;Tata Kelola dan Tata Laksana Teknologi Informasi;A;IT Enterprise;32;Menyusun skala prioritas solusi TI dalam Rencana TI;3.68;Utama;v;Design and Strategy;;Dokumen skala prioritas solusi TI dalam rencana TI;Maksimal kegiatan yang dapat dinilai adalah 2 (dua) kali per tahun. Kegiatan yang dapat dinilai sesuai AK ini adalah pengkajian terhadap kelayakan strategi implementasi EA.;2 per tahun;Menyusun skala prioritas solusi TI dalam Rencana TI;I.A.32
32;I;Tata Kelola dan Tata Laksana Teknologi Informasi;A;IT Enterprise;33;Menyusun rencana transformasi TI ;1.12;Utama;v;Design and Strategy;;Dokumen rencana transformasi TI;Jumlah maksimum menyusun rencana transformasi TI adalah 1 (satu) kali per tahun;1 per tahun;Menyusun rencana transformasi TI ;I.A.33
33;I;Tata Kelola dan Tata Laksana Teknologi Informasi;A;IT Enterprise;34;Menyusun rencana pembiayaan TI ;0.66;Muda;v;Design and Strategy;;Dokumen rencana pembiayaan TI;Jumlah maksimum kegiatan Menyusun rencana pembiayaan TI adalah 3 (tiga) kali per tahun.;3 per tahun;Menyusun rencana pembiayaan TI ;I.A.34
34;I;Tata Kelola dan Tata Laksana Teknologi Informasi;A;IT Enterprise;35;Menyusun templat/pola acu untuk strategi operasional rencana TI;1.5;Madya;v;Design and Strategy;;Dokumen templat/pola acu untuk strategi operasional rencana TI;Jumlah maksimum menyusun template/pola acu untuk strategi operasional rencana TI adalah 1 (satu) kali per tahun;1 per tahun;Menyusun templat/pola acu untuk strategi operasional rencana TI;I.A.35
35;I;Tata Kelola dan Tata Laksana Teknologi Informasi;A;IT Enterprise;36;Menyusun strategi operasional rencana TI ;0.6;Muda;v;Design and Strategy;;Dokumen strategi operasional rencana TI;Jumlah maksimum menyusun strategi operasional rencana TI adalah 2 (dua) kali per tahun;2 per tahun;Menyusun strategi operasional rencana TI ;I.A.36
36;I;Tata Kelola dan Tata Laksana Teknologi Informasi;A;IT Enterprise;37;"Melakukan pengkajian terhadap kelayakan
implementasi rencana TI";0.9;Madya;v;Design and Strategy;;Dokumen kajian kelayakan implementasi rencana TI;Jumlah maksimum pengkajian terhadap kelayakan implementasi rencana TI adalah 4 (empat) kali per tahun;4 per tahun;"Melakukan pengkajian terhadap kelayakan
implementasi rencana TI";I.A.37
37;I;Tata Kelola dan Tata Laksana Teknologi Informasi;B;Manajemen Layanan TI;1;Menyusun strategi layanan teknologi informasi ;1.98;Madya;v;Design and Strategy;;Dokumen strategi layanan TI;Kegiatan menyusun Strategi Layanan TI dilakukan untuk setiap jenis layanan TI. ;4 per tahun;Menyusun strategi layanan teknologi informasi ;I.B.1
38;I;Tata Kelola dan Tata Laksana Teknologi Informasi;B;Manajemen Layanan TI;2;Mengelola kebutuhan layanan teknologi informasi;0.06;Muda;v;Design and Strategy;;Dokumen kebutuhan layanan TI;Jumlah maksimum kegiatan mengelola kebutuhan layanan teknologi informasi adalah 52 (lima puluh dua) kali per tahun;52 per tahun;Mengelola kebutuhan layanan teknologi informasi;I.B.2
39;I;Tata Kelola dan Tata Laksana Teknologi Informasi;B;Manajemen Layanan TI;3;Menyusun portofolio layanan teknologi informasi;0.88;Muda;v;Design and Strategy;;Dokumen portofolio layanan TI;Dokumen portofolio layanan TI disusun maksimal 1 (satu) kali per bulan;12 per tahun;Menyusun portofolio layanan teknologi informasi;I.B.3
40;I;Tata Kelola dan Tata Laksana Teknologi Informasi;B;Manajemen Layanan TI;4;Mengelola portofolio layanan teknologi informasi;0.23;Muda;v;Design and Strategy;;Laporan pengelolaan portofolio layanan TI;Laporan pengelolaan portofolio layanan TI disusun maksimal 1 (satu) kali per bulan;12 per tahun;Mengelola portofolio layanan teknologi informasi;I.B.4
41;I;Tata Kelola dan Tata Laksana Teknologi Informasi;B;Manajemen Layanan TI;5;Mengelola anggaran layanan teknologi informasi;0.51;Madya;v;Design and Strategy;;Laporan pengelolaan anggaran layanan TI;Laporan pengelolaan anggaran layanan TI disusun maksimal 1 (satu) kali per bulan;12 per tahun;Mengelola anggaran layanan teknologi informasi;I.B.5
42;I;Tata Kelola dan Tata Laksana Teknologi Informasi;B;Manajemen Layanan TI;6;Menyusun SOP untuk kegiatan IT Service Management;0.165;Madya;v;Design and Strategy;;Dokumen SOP kegiatan IT Service Management;Kegiatan penyusunan SOP dilakukan maksimal 1 (satu) kali per tahun untuk setiap layanan TI;12 per tahun;Menyusun SOP untuk kegiatan IT Service Management;I.B.6
43;I;Tata Kelola dan Tata Laksana Teknologi Informasi;B;Manajemen Layanan TI;7;Mengelola katalog layanan teknologi informasi;0.09;Pertama;v;Design and Strategy;;Laporan pengelolaan katalog layanan TI;Kegiatan pengelolaan katalog layanan TI dilakukan maksimal 1 (satu) kali per bulan untuk setiap layanan TI.;12 per tahun;Mengelola katalog layanan teknologi informasi;I.B.7
44;I;Tata Kelola dan Tata Laksana Teknologi Informasi;B;Manajemen Layanan TI;8;Mengelola penyedia jasa atau barang untuk layanan teknologi informasi;0.33;Muda;v;Design and Strategy;;Dokumen pengelolaan penyedia jasa atau barang layanan TI;Dokumen laporan kinerja vendor disusun sebagai 1 (satu) dokumen untuk 1 (satu) vendor per kontrak layanan TI;12 per tahun;Mengelola penyedia jasa atau barang untuk layanan teknologi informasi;I.B.8
45;I;Tata Kelola dan Tata Laksana Teknologi Informasi;B;Manajemen Layanan TI;9;Mengelola kapasitas layanan teknologi informasi;0.44;Muda;v;Design and Strategy;;Laporan pengelolaan kapasitas layanan TI;Kegiatan ini dapat dilakukan untuk setiap jenis layanan TI. Jumlah maksimal kegiatan ini adalah 1 (satu) kali per bulan.;12 per tahun;Mengelola kapasitas layanan teknologi informasi;I.B.9
46;I;Tata Kelola dan Tata Laksana Teknologi Informasi;B;Manajemen Layanan TI;10;Mengelola tingkat layanan teknologi informasi;0.825;Madya;v;Design and Strategy;;Laporan pengelolaan tingkat layanan TI;Kegiatan ini dapat dilakukan untuk setiap jenis layanan TI. Jumlah maksimal kegiatan adalah 4 (empat) kali per tahun.;4 per tahun;Mengelola tingkat layanan teknologi informasi;I.B.10
47;I;Tata Kelola dan Tata Laksana Teknologi Informasi;B;Manajemen Layanan TI;11;Mengelola dukungan operasional layanan teknologi informasi;0.825;Madya;v;Design and Strategy;;Laporan pengelolaan dukungan operasional layanan TI;"Kegiatan pengelolaan dukungan operasional
layanan TI maksimal dilaksanakan sebanyak 4
(empat) kali per tahun.";4 per tahun;Mengelola dukungan operasional layanan teknologi informasi;I.B.11
48;I;Tata Kelola dan Tata Laksana Teknologi Informasi;B;Manajemen Layanan TI;12;Melakukan pemantauan (monitoring) dan evaluasi ketersediaan layanan teknologi informasi;0.24;Madya;v;Design and Strategy;;Laporan hasil pemantauan dan evaluasi ketersediaan layanan TI;Jumlah maksimum kegiatan monitoring dan evaluasi ketersediaan layanan teknologi informasi adalah 4 (empat) kali per tahun;4 per tahun;Melakukan pemantauan (monitoring) dan evaluasi ketersediaan layanan teknologi informasi;I.B.12
49;I;Tata Kelola dan Tata Laksana Teknologi Informasi;B;Manajemen Layanan TI;13;Menyusun perencanaan transisi layanan teknologi informasi;0.55;Muda;v;Design and Strategy;;Dokumen perencanaan transisi layanan TI;Jumlah maksimum kegiatan perencanaan transisi layanan teknologi informasi adalah 4 (empat) kali per tahun;4 per tahun;Menyusun perencanaan transisi layanan teknologi informasi;I.B.13
50;I;Tata Kelola dan Tata Laksana Teknologi Informasi;B;Manajemen Layanan TI;14;Mengelola perubahan layanan teknologi informasi;0.44;Muda;v;Design and Strategy;;Dokumen perubahan layanan TI;Jumlah maksimum kegiatan mengelola perubahan layanan teknologi informasi adalah 4 (empat) kali per tahun;4 per tahun;Mengelola perubahan layanan teknologi informasi;I.B.14
51;I;Tata Kelola dan Tata Laksana Teknologi Informasi;B;Manajemen Layanan TI;15;Mengelola aset dan konfigurasi layanan teknologi informasi;0.44;Muda;v;Design and Strategy;;Laporan pengelolaan aset dan konfigurasi layanan TI;Jumlah maksimum kegiatan mengelola aset dan konfigurasi layanan teknologi informasi adalah 4 (empat) kali per tahun;4 per tahun;Mengelola aset dan konfigurasi layanan teknologi informasi;I.B.15
52;I;Tata Kelola dan Tata Laksana Teknologi Informasi;B;Manajemen Layanan TI;16;Mengelola pengetahuan layanan teknologi informasi;0.11;Muda;v;Support;Subbidang Layanan Pengguna dan Manajemen Pengetahuan ;Laporan pengelolaan pengetahuan layanan TI;Jumlah maksimum kegiatan mengelola pengetahuan layanan teknologi informasi adalah 12 (dua belas) kali per tahun;12 per tahun;Mengelola pengetahuan layanan teknologi informasi;I.B.16
53;I;Tata Kelola dan Tata Laksana Teknologi Informasi;B;Manajemen Layanan TI;17;Melakukan validasi, pengujian, dan evaluasi layanan teknologi informasi;0.44;Muda;v;Support;Subbidang Layanan Pengguna dan Manajemen Pengetahuan ;Dokumen hasil validasi, pengujian, dan evaluasi layanan TI;Jumlah maksimum kegiatan melakukan validasi dan pengujian layanan teknologi informasi adalah 4 (empat) kali per tahun;4 per tahun;Melakukan validasi, pengujian, dan evaluasi layanan teknologi informasi;I.B.17
54;I;Tata Kelola dan Tata Laksana Teknologi Informasi;B;Manajemen Layanan TI;18;Mengelola rilis dan deployment layanan teknologi informasi;0.33;Muda;v;Support;Subbidang Layanan Pengguna dan Manajemen Pengetahuan ;Laporan rilis dan deployment layanan TI;Jumlah maksimum kegiatan mengelola rilis dan deployment layanan teknologi informasi adalah 4 (empat) kali per tahun;4 per tahun;Mengelola rilis dan deployment layanan teknologi informasi;I.B.18
55;I;Tata Kelola dan Tata Laksana Teknologi Informasi;B;Manajemen Layanan TI;19;Mengelola event kegiatan teknologi informasi;0.08;Muda;v;Support;Subbidang Layanan Pengguna dan Manajemen Pengetahuan ;Laporan pengelolaan event kegiatan TI;"Kegiatan ini dapat dilaksanakan maksimal 1
(satu) kali per bulan untuk setiap layanan TI.";4 per tahun;Mengelola event kegiatan teknologi informasi;I.B.19
56;I;Tata Kelola dan Tata Laksana Teknologi Informasi;B;Manajemen Layanan TI;20;Mengelola insiden kegiatan teknologi informasi;0.22;Muda;v;Design and Strategy;Subbidang Layanan Pengguna dan Manajemen Pengetahuan ;Laporan pengelolaan insiden kegiatan TI;"Kegiatan ini dapat dilaksanakan maksimal 1
(satu) kali per bulan untuk setiap layanan TI.";4 per tahun;Mengelola insiden kegiatan teknologi informasi;I.B.20
57;I;Tata Kelola dan Tata Laksana Teknologi Informasi;B;Manajemen Layanan TI;21;Mengelola permintaan dan layanan teknologi informasi;0.15;Pertama;v;Design and Strategy;Subbidang Layanan Pengguna dan Manajemen Pengetahuan ;Laporan pengelolaan permintaan dan layanan TI;"Kegiatan ini dapat dilaksanakan maksimal 1
(satu) kali per bulan untuk setiap layanan TI.";4 per tahun;Mengelola permintaan dan layanan teknologi informasi;I.B.21
58;I;Tata Kelola dan Tata Laksana Teknologi Informasi;C;Pengelolaan data (Data management);1;Menyusun atau mengelola strategi manajemen data instansi;2.475;Madya;v;Design and Strategy;Subbidang Layanan Pengguna dan Manajemen Pengetahuan ;Dokumen strategi manajemen data instansi atau laporan pengelolaan strategi manajemen data instansi;1 (satu) kali per tahun untuk penyusunan strategi manajemen data dan 1 (satu) kali per tahun untuk pengelolaan strategi manajemen data.;2 per tahun;Menyusun atau mengelola strategi manajemen data instansi;I.C.1
59;I;Tata Kelola dan Tata Laksana Teknologi Informasi;C;Pengelolaan data (Data management);2;Menyusun kebijakan data, standar data, atau prosedur pengelolaan data;1.98;Madya;v;Design and Strategy;Subbidang Layanan Pengguna dan Manajemen Pengetahuan ;Dokumen kebijakan, standar, atau prosedur pengelolaan data;1 (satu) kali per tahun. Penyusunan kebijakan atau standar atau prosedur dapat dilakukan untuk setiap area pengelolaan data.;3 per tahun;Menyusun kebijakan data, standar data, atau prosedur pengelolaan data;I.C.2
60;I;Tata Kelola dan Tata Laksana Teknologi Informasi;C;Pengelolaan data (Data management);3;Melakukan reviu kebijakan data, standar data, atau prosedur pengelolaan data;2.42;Utama;v;Design and Strategy;Subbidang Layanan Pengguna dan Manajemen Pengetahuan ;Dokumen hasil reviu kebijakan, standar, atau prosedur pengelolaan data;1 (satu) kali per tahun. Pengkajian kebijakan atau standar atau prosedur dapat dilakukan untuk setiap area pengelolaan data.;3 per tahun;Melakukan reviu kebijakan data, standar data, atau prosedur pengelolaan data;I.C.3
61;I;Tata Kelola dan Tata Laksana Teknologi Informasi;C;Pengelolaan data (Data management);4;Menyusun rekomendasi persetujuan arsitektur data;0.33;Muda;v;Design and Strategy;Subbidang Layanan Pengguna dan Manajemen Pengetahuan ;Dokumen rekomendasi persetujuan arsitektur data;1 (satu) kali per bulan. Kegiatan penyusunan rekomendasi persetujuan arsitektur data dilakukan terhadap setiap arsitektur data yang telah dibuat sebelumnya.;12 per tahun;Menyusun rekomendasi persetujuan arsitektur data;I.C.4
62;I;Tata Kelola dan Tata Laksana Teknologi Informasi;C;Pengelolaan data (Data management);5;Melakukan reviu rekomendasi persetujuan arsitektur data;0.165;Madya;v;Design and Strategy;Subbidang Layanan Pengguna dan Manajemen Pengetahuan ;Dokumen hasil reviu rekomendasi persetujuan arsitektur data;1 (satu) kali per bulan.;12 per tahun;Melakukan reviu rekomendasi persetujuan arsitektur data;I.C.5
63;I;Tata Kelola dan Tata Laksana Teknologi Informasi;C;Pengelolaan data (Data management);6;Menyusun rencana kegiatan layanan pengelolaan data;0.22;Muda;v;Design and Strategy;Subbidang Layanan Pengguna dan Manajemen Pengetahuan ;Proposal kegiatan layanan pengelolaan data;12 (dua belas) kali per tahun. Penyusunan rencana kegiatan layanan pengelolaan data memungkinkan dilaksanakan secara mandiri, tim kerja (dibuktikan dengan SK tim/surat tugas), atau melalui kesertaan dalam rapat pembahasan (dibuktikan dengan undangan/daftar hadir, notulensi rapat).;12 per tahun;Menyusun rencana kegiatan layanan pengelolaan data;I.C.6
64;I;Tata Kelola dan Tata Laksana Teknologi Informasi;C;Pengelolaan data (Data management);7;"Melakukan supervisi terhadap organisasi dan
staf pengelola data";0.11;Muda;v;Design and Strategy;Subbidang Layanan Pengguna dan Manajemen Pengetahuan ;"Surat  tugas   dan   laporan   supervisi   terhadap
organisasi dan staf pengelola data
";12 (dua belas) kali per tahun.;12 per tahun;"Melakukan supervisi terhadap organisasi dan
staf pengelola data";I.C.7
65;I;Tata Kelola dan Tata Laksana Teknologi Informasi;C;Pengelolaan data (Data management);8;Menyusun alternatif solusi permasalahan pengelolaan data;0.055;Pertama;v;Design and Strategy;Subbidang Layanan Pengguna dan Manajemen Pengetahuan ;Daftar alternatif solusi permasalahan pengelolaan data;25 (dua puluh lima) kali per tahun. Alternatif solusi yang dapat dinilaikan adalah daftar alternatif solusi yang disetujui oleh atasan langsung atau pejabat yang berwenang terhadap pengelolaan data.;25 per tahun;Menyusun alternatif solusi permasalahan pengelolaan data;I.C.8
66;I;Tata Kelola dan Tata Laksana Teknologi Informasi;C;Pengelolaan data (Data management);9;Melakukan evaluasi pelaksanaan pengelolaan data;0.66;Muda;v;Design and Strategy;Subbidang Layanan Pengguna dan Manajemen Pengetahuan ;Dokumen hasil evaluasi pelaksanaan pengelolaan data;2 (dua) kali per tahun.;2 per tahun;Melakukan evaluasi pelaksanaan pengelolaan data;I.C.9
67;I;Tata Kelola dan Tata Laksana Teknologi Informasi;C;Pengelolaan data (Data management);10;Menyusun bahan sosialisasi tentang pengelolaan data;0.11;Muda;v;Design and Strategy;Subbidang Layanan Pengguna dan Manajemen Pengetahuan ;Dokumen pendukung sosialisasi tentang pengelolaan data;12 (dua belas) kali per tahun.;12 per tahun;Menyusun bahan sosialisasi tentang pengelolaan data;I.C.10
68;I;Tata Kelola dan Tata Laksana Teknologi Informasi;C;Pengelolaan data (Data management);11;Melakukan sosialisasi tentang pengelolaan data;0.11;Muda;v;Design and Strategy;Subbidang Layanan Pengguna dan Manajemen Pengetahuan ;Laporan pelaksanaan sosialisasi tentang pengelolaan data;12 (dua belas) kali per tahun.;12 per tahun;Melakukan sosialisasi tentang pengelolaan data;I.C.11
69;I;Tata Kelola dan Tata Laksana Teknologi Informasi;C;Pengelolaan data (Data management);12;Menyusun model data instansi ;0.88;Muda;v;Design and Strategy;Subbidang Layanan Pengguna dan Manajemen Pengetahuan ;Dokumen model data instansi;5 (lima) kali per tahun.;5 per tahun;Menyusun model data instansi ;I.C.12
70;I;Tata Kelola dan Tata Laksana Teknologi Informasi;C;Pengelolaan data (Data management);13;Melakukan analisis model data instansi ;0.77;Muda;v;Design and Strategy;Subbidang Layanan Pengguna dan Manajemen Pengetahuan ;Dokumen hasil analisis model data instansi;5 (lima) kali per tahun.;5 per tahun;Melakukan analisis model data instansi ;I.C.13
71;I;Tata Kelola dan Tata Laksana Teknologi Informasi;C;Pengelolaan data (Data management);14;Menyusun arsitektur teknologi data ;0.77;Muda;v;Design and Strategy;Subbidang Layanan Pengguna dan Manajemen Pengetahuan ;Dokumen arsitektur teknologi data;5 (lima) arsitektur per tahun.;5 per tahun;Menyusun arsitektur teknologi data ;I.C.14
72;I;Tata Kelola dan Tata Laksana Teknologi Informasi;C;Pengelolaan data (Data management);15;Menyusun arsitektur integrasi data ;0.99;Madya;v;Design and Strategy;Subbidang Layanan Pengguna dan Manajemen Pengetahuan ;Dokumen arsitektur integrasi data;5 (lima) arsitektur per tahun.;5 per tahun;Menyusun arsitektur integrasi data ;I.C.15
73;I;Tata Kelola dan Tata Laksana Teknologi Informasi;C;Pengelolaan data (Data management);16;Melakukan perancangan data model;0.66;Muda;v;Design and Strategy;Subbidang Layanan Pengguna dan Manajemen Pengetahuan ;Dokumen rancangan data model;12 (dua belas) kali per tahun.;12 per tahun;Melakukan perancangan data model;I.C.16
74;I;Tata Kelola dan Tata Laksana Teknologi Informasi;C;Pengelolaan data (Data management);17;Melakukan implementasi data model;0.22;Pertama;v;Design and Strategy;Subbidang Layanan Pengguna dan Manajemen Pengetahuan ;Dokumen implementasi data model;12 (dua belas) kali per tahun.;12 per tahun;Melakukan implementasi data model;I.C.17
75;I;Tata Kelola dan Tata Laksana Teknologi Informasi;C;Pengelolaan data (Data management);18;Melakukan perancangan business intelligence;0.44;Muda;v;Design and Strategy;Subbidang Layanan Pengguna dan Manajemen Pengetahuan ;Dokumen rancangan business intelligence;12 (dua belas) kali per tahun.;12 per tahun;Melakukan perancangan business intelligence;I.C.18
76;I;Tata Kelola dan Tata Laksana Teknologi Informasi;C;Pengelolaan data (Data management);19;Melakukan implementasi business intelligence;0.11;Pertama;v;Design and Strategy;Subbidang Layanan Pengguna dan Manajemen Pengetahuan ;Laporan implementasi business intelligence;12 (dua belas) kali per tahun.;12 per tahun;Melakukan implementasi business intelligence;I.C.19
77;I;Tata Kelola dan Tata Laksana Teknologi Informasi;C;Pengelolaan data (Data management);20;Menyusun taksonomi data;0.33;Pertama;v;Design and Strategy;Subbidang Layanan Pengguna dan Manajemen Pengetahuan ;Dokumen taksonomi data;12 (dua belas) kali per tahun;12 per tahun;Menyusun taksonomi data;I.C.20
78;I;Tata Kelola dan Tata Laksana Teknologi Informasi;C;Pengelolaan data (Data management);21;Menyusun arsitektur data;0.33;Pertama;v;Design and Strategy;Subbidang Layanan Pengguna dan Manajemen Pengetahuan ;Dokumen arsitektur data;5 (lima) kali per tahun;5 per tahun;Menyusun arsitektur data;I.C.21
79;I;Tata Kelola dan Tata Laksana Teknologi Informasi;C;Pengelolaan data (Data management);22;Menyusun standar metadata;1.155;Madya;v;Design and Strategy;Subbidang Layanan Pengguna dan Manajemen Pengetahuan ;Dokumen standar metadata;2 (dua) kali per tahun.;2 per tahun;Menyusun standar metadata;I.C.22
80;I;Tata Kelola dan Tata Laksana Teknologi Informasi;C;Pengelolaan data (Data management);23;Melakukan pengumpulan kebutuhan informasi;0.12;Pertama;v;Design and Strategy;Subbidang Layanan Pengguna dan Manajemen Pengetahuan ;Dokumen kebutuhan informasi;2 (dua) kali per bulan.;24 per tahun;Melakukan pengumpulan kebutuhan informasi;I.C.23
81;I;Tata Kelola dan Tata Laksana Teknologi Informasi;C;Pengelolaan data (Data management);24;Melakukan analisis kebutuhan informasi ;0.33;Muda;v;Design and Strategy;Subbidang Layanan Pengguna dan Manajemen Pengetahuan ;Dokumen hasil analisis kebutuhan informasi;2 (dua) kali per bulan.;24 per tahun;Melakukan analisis kebutuhan informasi ;I.C.24
82;I;Tata Kelola dan Tata Laksana Teknologi Informasi;C;Pengelolaan data (Data management);25;Melakukan perancangan layanan akses data;0.11;Pertama;v;Design and Strategy;Subbidang Layanan Pengguna dan Manajemen Pengetahuan ;Dokumen rancangan layanan akses data;12 (dua belas) kali per tahun. Perancangan layanan akses data dapat dilaksanakan secara mandiri atau dalam bentuk tim kerja dimana setiap anggota tim memiliki hak yang sama untuk mengklaim angka kredit dari pekerjaan yang dilaksanakan.;12 per tahun;Melakukan perancangan layanan akses data;I.C.25
83;I;Tata Kelola dan Tata Laksana Teknologi Informasi;C;Pengelolaan data (Data management);26;Melakukan implementasi rancangan layanan akses data;0.11;Pertama;v;Design and Strategy;Subbidang Layanan Pengguna dan Manajemen Pengetahuan ;Dokumen implementasi rancangan layanan akses data;12 (dua belas) kali per tahun. Implementasi layanan akses data bisa saja dilaksanakan secara mandiri atau dalam bentuk tim kerja (dibuktikan dengan surat tugas atau SK tim) dimana setiap anggota tim memiliki hak yang sama untuk mengklaim angka kredit dari pekerjaan yang dilaksanakan.;12 per tahun;Melakukan implementasi rancangan layanan akses data;I.C.26
84;I;Tata Kelola dan Tata Laksana Teknologi Informasi;C;Pengelolaan data (Data management);27;Menyusun prosedur pengujian rancangan layanan  akses data;0.11;Muda;v;Design and Strategy;Subbidang Layanan Pengguna dan Manajemen Pengetahuan ;Dokumen prosedur prngujian rancangan layanan akses data;12 (dua belas) kali per tahun. Prosedur pengujian yang diajukan dapat saja terhadap rancangan yang telah dibuat oleh pihak sendiri ataupun yang dikerjakan oleh pihak lain. Prosedur pengujian bisa saja dilaksanakan secara mandiri atau dalam bentuk tim kerja (dibuktikan dengan surat tugas atau SK tim) dimana setiap anggota tim memiliki hak yang sama untuk mengklaim angka kredit dari pekerjaan yang dilaksanakan.;12 per tahun;Menyusun prosedur pengujian rancangan layanan  akses data;I.C.27
85;I;Tata Kelola dan Tata Laksana Teknologi Informasi;C;Pengelolaan data (Data management);28;Melakukan perancangan integrasi data;0.22;Muda;v;Design and Strategy;Subbidang Layanan Pengguna dan Manajemen Pengetahuan ;Dokumen rancangan integrasi data;1 (satu) kali perancangan integrasi data untuk 2 (dua) sampai 5 (lima) kegiatan atau sumber data dalam per bulan.;12 per tahun;Melakukan perancangan integrasi data;I.C.28
86;I;Tata Kelola dan Tata Laksana Teknologi Informasi;C;Pengelolaan data (Data management);29;Melakukan ingestion data;0.11;Pertama;v;Design and Strategy;Subbidang Layanan Pengguna dan Manajemen Pengetahuan ;Dokumen hasil ingestion data;1 (satu) kali ingestion data untuk 10 (sepuluh) kegiatan atau sumber data per bulan.;12 per tahun;Melakukan ingestion data;I.C.29
87;I;Tata Kelola dan Tata Laksana Teknologi Informasi;C;Pengelolaan data (Data management);30;Melakukan implementasi rancangan integrasi data;0.055;Pertama;v;Design and Strategy;Subbidang Layanan Pengguna dan Manajemen Pengetahuan ;Dokumen implementasi rancangan integrasi data;2 (dua) kali per bulan.;24 per tahun;Melakukan implementasi rancangan integrasi data;I.C.30
88;I;Tata Kelola dan Tata Laksana Teknologi Informasi;C;Pengelolaan data (Data management);31;Menyusun prosedur pengujian rancangan integrasi data;0.055;Pertama;v;Design and Strategy;Subbidang Layanan Pengguna dan Manajemen Pengetahuan ;Dokumen prosedur pengujian rancangan integrasi data;2 (dua) kali per bulan.;24 per tahun;Menyusun prosedur pengujian rancangan integrasi data;I.C.31
89;I;Tata Kelola dan Tata Laksana Teknologi Informasi;C;Pengelolaan data (Data management);32;Melakukan evaluasi hasil pengujian rancangan integrasi data;0.11;Muda;v;Design and Strategy;Subbidang Layanan Pengguna dan Manajemen Pengetahuan ;Dokumen evaluasi hasil pengujian rancangan integrasi data;2 (dua) kali per bulan.;24 per tahun;Melakukan evaluasi hasil pengujian rancangan integrasi data;I.C.32
90;I;Tata Kelola dan Tata Laksana Teknologi Informasi;C;Pengelolaan data (Data management);33;Menyusun prosedur pengujian validasi kebutuhan informasi;0.11;Muda;v;Design and Strategy;Subbidang Layanan Pengguna dan Manajemen Pengetahuan ;Dokumen prosedur pengujian validasi kebutuhan informasi;12 (dua belas) kali per tahun.;12 per tahun;Menyusun prosedur pengujian validasi kebutuhan informasi;I.C.33
91;I;Tata Kelola dan Tata Laksana Teknologi Informasi;C;Pengelolaan data (Data management);34;Melakukan evaluasi hasil pengujian prosedur validasi kebutuhan informasi;0.18;Pertama;v;Design and Strategy;Subbidang Layanan Pengguna dan Manajemen Pengetahuan ;Dokumen evaluasi hasil pengujian prosedur validasi kebutuhan informasi;12 (dua belas) kali per tahun.;12 per tahun;Melakukan evaluasi hasil pengujian prosedur validasi kebutuhan informasi;I.C.34
92;I;Tata Kelola dan Tata Laksana Teknologi Informasi;C;Pengelolaan data (Data management);35;Melakukan validasi kebutuhan informasi;0.11;Pertama;v;Design and Strategy;Subbidang Layanan Pengguna dan Manajemen Pengetahuan ;Dokumen hasil validasi kebutuhan informasi;12 (dua belas) kali per tahun.;12 per tahun;Melakukan validasi kebutuhan informasi;I.C.35
93;I;Tata Kelola dan Tata Laksana Teknologi Informasi;C;Pengelolaan data (Data management);36;Menyusun dokumentasi rancangan database;0.08;Pertama;v;Design and Strategy;Subbidang Layanan Pengguna dan Manajemen Pengetahuan ;Dokumen rancangan database;24 (dua puluh empat) kali per tahun.;24 per tahun;Menyusun dokumentasi rancangan database;I.C.36
94;I;Tata Kelola dan Tata Laksana Teknologi Informasi;C;Pengelolaan data (Data management);37;Melakukan instalasi dan konfigurasi DBMS;0.12;Pertama;v;Design and Strategy;Subbidang Layanan Pengguna dan Manajemen Pengetahuan ;Laporan hasil instalasi dan konfigurasi DBMS;12 (dua belas) kali per tahun.;12 per tahun;Melakukan instalasi dan konfigurasi DBMS;I.C.37
95;I;Tata Kelola dan Tata Laksana Teknologi Informasi;C;Pengelolaan data (Data management);38;Menyusun rencana backup dan pemulihan data;0.11;Muda;v;Design and Strategy;Subbidang Layanan Pengguna dan Manajemen Pengetahuan ;Dokumen rencana backup dan pemulihan data;12 (dua belas) kali per tahun.;12 per tahun;Menyusun rencana backup dan pemulihan data;I.C.38
96;I;Tata Kelola dan Tata Laksana Teknologi Informasi;C;Pengelolaan data (Data management);39;Melakukan backup atau pemulihan data ;0.02;Pertama;v;Design and Strategy;Subbidang Layanan Pengguna dan Manajemen Pengetahuan ;Dokumen hasil backup atau pemulihan data;1 (satu) kali per minggu.;52 per tahun;Melakukan backup atau pemulihan data ;I.C.39
97;I;Tata Kelola dan Tata Laksana Teknologi Informasi;C;Pengelolaan data (Data management);40;Menyusun tingkat kinerja layanan database;0.055;Pertama;v;Design and Strategy;Subbidang Layanan Pengguna dan Manajemen Pengetahuan ;Dokumen tingkat kinerja layanan database;1 (satu) kali per minggu.;52 per tahun;Menyusun tingkat kinerja layanan database;I.C.40
98;I;Tata Kelola dan Tata Laksana Teknologi Informasi;C;Pengelolaan data (Data management);41;Melakukan peningkatan kinerja database;0.11;Pertama;v;Design and Strategy;Subbidang Layanan Pengguna dan Manajemen Pengetahuan ;Laporan peningkatan kinerja database;12 (dua belas) kali per tahun.;12 per tahun;Melakukan peningkatan kinerja database;I.C.41
99;I;Tata Kelola dan Tata Laksana Teknologi Informasi;C;Pengelolaan data (Data management);42;Menyusun rencana retensi data;0.11;Pertama;v;Design and Strategy;Subbidang Layanan Pengguna dan Manajemen Pengetahuan ;Dokumen rencana retensi data;12 (dua belas) kali per tahun.;12 per tahun;Menyusun rencana retensi data;I.C.42
100;I;Tata Kelola dan Tata Laksana Teknologi Informasi;C;Pengelolaan data (Data management);43;Menyusun kebutuhan teknologi data ;0.44;Muda;v;Design and Strategy;Subbidang Layanan Pengguna dan Manajemen Pengetahuan ;Dokumen kebutuhan teknologi data;1 (satu) kali untuk setiap jenis manajemen data organisasi. Dalam satu tahun, kebutuhan teknologi data yang disusun adalah 5 jenis manajemen data.;5 per tahun;Menyusun kebutuhan teknologi data ;I.C.43
101;I;Tata Kelola dan Tata Laksana Teknologi Informasi;C;Pengelolaan data (Data management);44;Melakukan evaluasi teknologi data;0.11;Pertama;v;Design and Strategy;Subbidang Layanan Pengguna dan Manajemen Pengetahuan ;Dokumen hasil evaluasi teknologi data;2 (dua) kali per tahun.;2 per tahun;Melakukan evaluasi teknologi data;I.C.44
102;I;Tata Kelola dan Tata Laksana Teknologi Informasi;C;Pengelolaan data (Data management);45;Melakukan pengadministrasian teknologi data;0.11;Pertama;v;Design and Strategy;Subbidang Layanan Pengguna dan Manajemen Pengetahuan ;"-Surat tugas
-Laporan administrasi teknologi data";1 (satu) kali per bulan.;12 per tahun;Melakukan pengadministrasian teknologi data;I.C.45
103;I;Tata Kelola dan Tata Laksana Teknologi Informasi;C;Pengelolaan data (Data management);46;Melakukan deteksi dan perbaikan terhadap permasalahan teknologi data;0.03;Pertama;v;Design and Strategy;Subbidang Layanan Pengguna dan Manajemen Pengetahuan ;Laporan deteksi dan perbaikan terhadap permasalahan teknologi data;8 (dua) kali per bulan.;96 per tahun;Melakukan deteksi dan perbaikan terhadap permasalahan teknologi data;I.C.46
104;I;Tata Kelola dan Tata Laksana Teknologi Informasi;C;Pengelolaan data (Data management);47;Melakukan implementasi data mining;0.6;Muda;v;Design and Strategy;Subbidang Layanan Pengguna dan Manajemen Pengetahuan ;Dokumen implementasi data mining;1 (satu) kali per bulan.;12 per tahun;Melakukan implementasi data mining;I.C.47
105;I;Tata Kelola dan Tata Laksana Teknologi Informasi;C;Pengelolaan data (Data management);48;Menyusun kebutuhan atau standar keamanan data;0.55;Muda;v;Security Function;Tim Akses Kontrol;Dokumen kebutuhan atau standar keamanan data;1 (satu) kali per semester. Standar yang disusun oleh lebih dari satu orang dapat dinilai penuh untuk masing-masing dengan melampirkan Surat Keputusan Tim Penyusun Standar, atau setiap nama peyusunannya dituangkan pada halaman penyusun standar.;2 per tahun;Menyusun kebutuhan atau standar keamanan data;I.C.48
106;I;Tata Kelola dan Tata Laksana Teknologi Informasi;C;Pengelolaan data (Data management);49;Menyusun kebijakan keamanan data ;0.99;Madya;v;Security Function;Tim Akses Kontrol;Dokumen kebijakan keamanan data;1 (satu) kali per tahun. Kebijakan yang disusun oleh lebih dari satu orang dapat dinilai penuh untuk masing-masing dengan melampirkan Surat Keputusan Tim Penyusun Kebijakan atau surat keputusan setara lainnya, atau setiap nama peyusunannya secara resmi dituangkan pada halaman penyusun kebijakan.;1 per tahun;Menyusun kebijakan keamanan data ;I.C.49
107;I;Tata Kelola dan Tata Laksana Teknologi Informasi;C;Pengelolaan data (Data management);50;Menyusun definisi kontrol atau prosedur keamanan data;0.11;Muda;v;Security Function;Tim Akses Kontrol;Dokumen definisi kontrol atau prosedur keamanan data;Tidak ada batasan jumlah, namun setiap prosedur pada sebuah aspek keamanan dapat diusulkan 1 (satu) kali per semester. Jumlah maksimal kegiatan yang dapat dinilai adalah 1 (satu) kali per semester untuk setiap prosedur aspek keamanan.;2 per tahun;Menyusun definisi kontrol atau prosedur keamanan data;I.C.50
108;I;Tata Kelola dan Tata Laksana Teknologi Informasi;C;Pengelolaan data (Data management);51;Mengelola pengguna dan hak akses data;0.01;Pertama;v;Security Function;Tim Akses Kontrol, Tim Kendali Keamanan;Laporan pengelolaan pengguna dan hak akses data;1 (satu) kali per minggu.;52 per tahun;Mengelola pengguna dan hak akses data;I.C.51
109;I;Tata Kelola dan Tata Laksana Teknologi Informasi;C;Pengelolaan data (Data management);52;Melakukan analisis perilaku akses pengguna;0.33;Muda;v;Security Function;Tim Akses Kontrol, Tim Kendali Keamanan;Dokumen hasil analisis perilaku akses pengguna;1 (satu) kali per bulan.;12 per tahun;Melakukan analisis perilaku akses pengguna;I.C.52
110;I;Tata Kelola dan Tata Laksana Teknologi Informasi;C;Pengelolaan data (Data management);53;Menyusun pemetaan data berdasarkan tingkat kerahasiaan informasi;0.11;Pertama;v;Security Function;Tim Akses Kontrol;Dokumen peta data berdasarkan tingkat kerahasiaan informasi;12 (dua) kali per tahun. Hanya pada pusat jaringan. Pemetaan data pada komputer client dan hardisk eksternal tidak dapat dinilai.;12 per tahun;Menyusun pemetaan data berdasarkan tingkat kerahasiaan informasi;I.C.53
111;I;Tata Kelola dan Tata Laksana Teknologi Informasi;D;Audit TI ;1;Melakukan studi kelayakan audit TI ;0.825;Madya;v;Risk and Audit;Tim Manajemen Audit;Laporan hasil studi kelayakan audit TI;Maksimum kegiatan studi kelayakan audit TI yang dapat dinilai adalah 2 (dua) kali per tahun. Laporan minimal sebanyak 20 halaman, ukuran kertas A4, dengan 1,5 spasi paragraf. Nilai angka kredit maksimal akan diberikan jika minimal ada 3 obyek yang dicakup dalam 1 area TI. Jika hanya ada 1 obyek, maka akan diberikan nilai angka kredit sepertiganya;2 per tahun;Melakukan studi kelayakan audit TI ;I.D.1
112;I;Tata Kelola dan Tata Laksana Teknologi Informasi;D;Audit TI ;2;Menyusun proposal audit TI;1.155;Madya;v;Risk and Audit;Tim Manajemen Audit;Proposal audit TI;Jumlah maksimum kegiatan penyusunan proposal audit TI yang dapat dinilai adalah 2 (dua) kali per tahun. Nilai angka kredit maksimal akan diberikan jika minimal ada 3 obyek yang dicakup dalam 1 area TI. Jika hanya ada 1 obyek, maka akan diberikan nilai angka kredit sepertiganya.;2 per tahun;Menyusun proposal audit TI;I.D.2
113;I;Tata Kelola dan Tata Laksana Teknologi Informasi;D;Audit TI ;3;Melakukan perancangan proses bisnis dan SOP pelaksanaan audit TI;0.165;Madya;v;Risk and Audit;Tim Manajemen Audit;Dokumen perancangan proses bisnis dan SOP pelaksanaan audit TI;Jumlah maksimum kegiatan perancangan proses bisnis dan SOP pelaksanaan audit TI yang dapat dinilai adalah 12 (dua belas) kali per tahun.;12 per tahun;Melakukan perancangan proses bisnis dan SOP pelaksanaan audit TI;I.D.3
114;I;Tata Kelola dan Tata Laksana Teknologi Informasi;D;Audit TI ;4;Melakukan pengkajian terhadap framework audit TI;0.66;Madya;v;Risk and Audit;Tim Manajemen Audit;Dokumen kajian framework audit TI;Jumlah maksimum kegiatan pengkajian terhadap framework audit TI yang dapat dinilai adalah 2 (dua) kali per tahun.;2 per tahun;Melakukan pengkajian terhadap framework audit TI;I.D.4
115;I;Tata Kelola dan Tata Laksana Teknologi Informasi;D;Audit TI ;5;Melakukan pengkajian terhadap tool dan aplikasi yang digunakan untuk audit TI;0.495;Madya;v;Risk and Audit;Tim Manajemen Audit;Dokumen kajian tool dan aplikasi yang digunakan untuk audit TI;Jumlah maksimum kegiatan pengkajian terhadap tool (lembar kerja) dan aplikasi yang digunakan untuk audit TI yang dapat dinilai adalah 2 (dua) kali per tahun.;2 per tahun;Melakukan pengkajian terhadap tool dan aplikasi yang digunakan untuk audit TI;I.D.5
116;I;Tata Kelola dan Tata Laksana Teknologi Informasi;D;Audit TI ;6;Melakukan analisis awal untuk kebutuhan audit TI;0.44;Muda;v;Risk and Audit;Tim Manajemen Audit;Dokumen hasil analisis awal untuk kebutuhan audit TI;Kegiatan ini dapat dilakukan untuk setiap area TI yang dilakukan audit. Jumlah maksimum kegiatan yang dapat dinilai adalah empat kali dalam satu tahun. Nilai angka kredit diberikan untuk setiap area audit.;4 per tahun;Melakukan analisis awal untuk kebutuhan audit TI;I.D.6
117;I;Tata Kelola dan Tata Laksana Teknologi Informasi;D;Audit TI ;7;Melakukan pengumpulan data audit TI menggunakan metode tertentu;0.055;Pertama;v;Risk and Audit;Tim Manajemen Audit;Dokumen kumpulan data audit TI;Kegiatan ini dapat dilakukan untuk setiap area TI yang dilakukan audit. Nilai angka kredit diberikan pada tiap obyek yang diaudit. Maksimum penilaian adalah 10 obyek untuk 1 area TI.;4 per tahun;Melakukan pengumpulan data audit TI menggunakan metode tertentu;I.D.7
118;I;Tata Kelola dan Tata Laksana Teknologi Informasi;D;Audit TI ;8;"Melakukan pengujian, verifikasi, atau validasi
terhadap data audit TI";0.66;Muda;v;Risk and Audit;Tim Manajemen Audit;Laporan pengujian, verifikasi, atau validasi terhadap data audit TI;Jumlah maksimum melakukan pengujian, verifikasi, atau validasi terhadap data audit TI adalah 2 (dua) kali per tahun;2 per tahun;"Melakukan pengujian, verifikasi, atau validasi
terhadap data audit TI";I.D.8
119;I;Tata Kelola dan Tata Laksana Teknologi Informasi;D;Audit TI ;9;Melakukan analisis data audit TI;0.99;Madya;v;Risk and Audit;Tim Manajemen Audit, Tim Manajemen Ketidaksesuaian dan Tindakan Korektif ;Dokumen hasil analisis data audit TI;Jumlah maksimum melakukan analisis data audit TI adalah 2 (dua) kali per tahun;2 per tahun;Melakukan analisis data audit TI;I.D.9
120;I;Tata Kelola dan Tata Laksana Teknologi Informasi;D;Audit TI ;10;Melakukan evaluasi kegiatan audit TI ;0.36;Madya;v;Risk and Audit;Tim Manajemen Audit, Tim Manajemen Ketidaksesuaian dan Tindakan Korektif ;Dokumen hasil evaluasi kegiatan audit TI;Jumlah maksimum evaluasi kegiatan audit TI yang dapat dinilai adalah sebanyak 4 (empat) kali per tahun;4 per tahun;Melakukan evaluasi kegiatan audit TI ;I.D.10
121;I;Tata Kelola dan Tata Laksana Teknologi Informasi;E;Manajemen risiko TI ;1;Melakukan reviu dokumen manajemen risiko;0.33;Muda;v;Risk and Audit;Tim Manajemen Risiko dan Peluang;Laporan hasil reviu dokumen manajemen risiko;Jumlah maksimum melakukan reviu dokumen manajemen risiko adalah 1 (satu) kali per bulan;12 per tahun;Melakukan reviu dokumen manajemen risiko;I.E.1
122;I;Tata Kelola dan Tata Laksana Teknologi Informasi;E;Manajemen risiko TI ;2;Membuat framework manajemen risiko;2.2;Utama;v;Risk and Audit;Tim Manajemen Risiko dan Peluang;Dokumen framework manajemen risiko;Jumlah maksimum membuat framework manajemen risiko adalah 1 (satu) kali per tahun;1 per tahun;Membuat framework manajemen risiko;I.E.2
123;I;Tata Kelola dan Tata Laksana Teknologi Informasi;E;Manajemen risiko TI ;3;Menyusun rencana manajemen risiko ;0.66;Madya;v;Risk and Audit;Tim Manajemen Risiko dan Peluang;Dokumen rencana manajemen risiko;Jumlah maksimum menyusun rencana manajemen risiko adalah 2 (dua) kali per tahun;2 per tahun;Menyusun rencana manajemen risiko ;I.E.3
124;I;Tata Kelola dan Tata Laksana Teknologi Informasi;E;Manajemen risiko TI ;4;Melakukan analisis faktor risiko ;0.075;Madya;v;Risk and Audit;Tim Manajemen Risiko dan Peluang;Dokumen hasil analisis faktor risiko;Jumlah maksimum melakukan analisis faktor risiko adalah 1 (satu) analisis tiap risiko.;2 per tahun;Melakukan analisis faktor risiko ;I.E.4
125;I;Tata Kelola dan Tata Laksana Teknologi Informasi;E;Manajemen risiko TI ;5;Melakukan identifikasi risiko;1.32;Madya;v;Risk and Audit;Tim Manajemen Risiko dan Peluang;Dokumen hasil identifikasi risiko;Kegiatan melakukan identifikasi risiko yang dapat dinilai maksimal adalah 2 (dua) kali per tahun;2 per tahun;Melakukan identifikasi risiko;I.E.5
126;I;Tata Kelola dan Tata Laksana Teknologi Informasi;E;Manajemen risiko TI ;6;Melakukan pengukuran risiko ;0.44;Muda;v;Risk and Audit;Tim Manajemen Risiko dan Peluang;Dokumen hasil pengukuran risiko;Kegiatan pengukuran risiko yang dapat dinilai adalah maksimal 4 (empat) kali per tahun;4 per tahun;Melakukan pengukuran risiko ;I.E.6
127;I;Tata Kelola dan Tata Laksana Teknologi Informasi;E;Manajemen risiko TI ;7;Menyusun strategi penanganan risiko ;1.35;Madya;v;Risk and Audit;Tim Manajemen Risiko dan Peluang;Dokumen strategi penanganan risiko;Kegiatan menyusun strategi penanganan risiko yang dapat dinilai adalah maksimal 2 (dua) kali per tahun.;2 per tahun;Menyusun strategi penanganan risiko ;I.E.7
128;I;Tata Kelola dan Tata Laksana Teknologi Informasi;E;Manajemen risiko TI ;8;Membuat prosedur penanganan risiko ;0.165;Madya;v;Risk and Audit;Tim Manajemen Risiko dan Peluang;Dokumen prosedur penanganan risiko;Kegiatan membuat prosedur penanganan risiko yang dapat dinilai adalah untuk setiap item risiko yang ada di dalam daftar risiko.;2 per tahun;Membuat prosedur penanganan risiko ;I.E.8
129;I;Tata Kelola dan Tata Laksana Teknologi Informasi;E;Manajemen risiko TI ;9;Menyusun solusi teknis penanganan risiko;0.6;Muda;v;Risk and Audit;Tim Manajemen Risiko dan Peluang;Dokumen solusi teknis penanganan risiko;Kegiatan menyusun solusi teknis penanganan risiko yang dapat dinilai maksimal adalah 4 (empat) kali per tahun.;4 per tahun;Menyusun solusi teknis penanganan risiko;I.E.9
130;I;Tata Kelola dan Tata Laksana Teknologi Informasi;E;Manajemen risiko TI ;10;Melakukan pemantauan (monitoring) terhadap strategi penanganan risiko;0.9;Madya;v;Risk and Audit;Tim Manajemen Risiko dan Peluang;Laporan hasil pemantauan strategi penanganan risiko;Kegiatan pemantauan strategi penanganan risiko yang dapat dinilai maksimal adalah 4 (empat) kali per tahun.;4 per tahun;Melakukan pemantauan (monitoring) terhadap strategi penanganan risiko;I.E.10
131;I;Tata Kelola dan Tata Laksana Teknologi Informasi;E;Manajemen risiko TI ;11;Melakukan evaluasi terhadap strategi penanganan risiko;1.2;Utama;v;Risk and Audit;Tim Manajemen Risiko dan Peluang;Dokumen hasil evaluasi strategi penanganan risiko;Kegiatan evaluasi terhadap strategi penanganan risiko yang berlaku yang dapat dinilai maksimal adalah 4 (empat) kali per tahun.;4 per tahun;Melakukan evaluasi terhadap strategi penanganan risiko;I.E.11
132;II;Infrastruktur Teknologi Informasi;A;Sistem Jaringan Komputer;1;Melakukan analisis kebutuhan pengguna sistem jaringan komputer kompleks;0.33;Muda;v;Design and Strategy;Tim Manajemen Risiko dan Peluang;Dokumen hasil analisis kebutuhan pengguna sistem jaringan komputer kompleks;Kegiatan ini dapat diajukan maksimal 12 (dua belas) kali pertahun.;12 per tahun;Melakukan analisis kebutuhan pengguna sistem jaringan komputer kompleks;II.A.1
133;II;Infrastruktur Teknologi Informasi;A;Sistem Jaringan Komputer;2;Melakukan analisis kondisi sistem jaringan komputer kompleks yang sedang berjalan;0.33;Muda;v;Design and Strategy;Tim Manajemen Risiko dan Peluang;Dokumen hasil analisis kondisi sistem jaringan komputer kompleks yang sedang berjalan;Kegiatan ini dapat diajukan maksimal 12 (dua belas) kali per tahun.;12 per tahun;Melakukan analisis kondisi sistem jaringan komputer kompleks yang sedang berjalan;II.A.2
134;II;Infrastruktur Teknologi Informasi;A;Sistem Jaringan Komputer;3;Membuat rancangan logis (logical design ) sistem jaringan komputer;0.33;Muda;v;Design and Strategy;Tim Manajemen Risiko dan Peluang;Dokumen rancangan logis sistem jaringan komputer;Maksimal kegiatan yang dapat dinilai adalah 12 kali dalam 1 (satu) tahun;12 per tahun;Membuat rancangan logis (logical design ) sistem jaringan komputer;II.A.3
135;II;Infrastruktur Teknologi Informasi;A;Sistem Jaringan Komputer;4;Membuat rancangan fisik (physical design ) sistem jaringan komputer;0.33;Muda;v;Design and Strategy;Tim Manajemen Risiko dan Peluang;Dokumen rancangan fisik sistem jaringan komputer;Maksimal kegiatan yang dapat dinilai adalah 12 (dua belas) kali per tahun;12 per tahun;Membuat rancangan fisik (physical design ) sistem jaringan komputer;II.A.4
136;II;Infrastruktur Teknologi Informasi;A;Sistem Jaringan Komputer;5;Menerapkan rancangan fisik sistem jaringan komputer kompleks;1.265;Pertama;v;Design and Strategy;Tim Manajemen Risiko dan Peluang;Dokumen implementasi rancangan fisik sistem jaringan komputer kompleks;Maksimal kegiatan yang dapat dinilai adalah 12 kali dalam 1 tahun;12 per tahun;Menerapkan rancangan fisik sistem jaringan komputer kompleks;II.A.5
137;II;Infrastruktur Teknologi Informasi;A;Sistem Jaringan Komputer;6;Menerapkan rancangan logis sistem pengamanan jaringan komputer kompleks;0.33;Pertama;v;Design and Strategy;Tim Manajemen Risiko dan Peluang;Dokumen implementasi rancangan logis sistem pengamanan jaringan komputer kompleks;Maksimal kegiatan yang dapat dinilai adalah 4 kali dalam 1 tahun;4 per tahun;Menerapkan rancangan logis sistem pengamanan jaringan komputer kompleks;II.A.6
138;II;Infrastruktur Teknologi Informasi;A;Sistem Jaringan Komputer;7;Menyusun prosedur pemanfaatan sistem jaringan;0.055;Pertama;v;Design and Strategy;Tim Manajemen Risiko dan Peluang;Dokumen prosedur pemanfaatan sistem jaringan;"1. Prosedur yang dapat dinilai merupakan salah satu area pada cakupan.
2. Prosedur pemanfaatan dapat dibuat jika sistem jaringan telah beroperasi";4 per tahun;Menyusun prosedur pemanfaatan sistem jaringan;II.A.7
139;II;Infrastruktur Teknologi Informasi;A;Sistem Jaringan Komputer;8;Menyusun rancangan uji coba sistem jaringan kompleks;0.11;Muda;v;Design and Strategy;Tim Manajemen Risiko dan Peluang;Dokumen rancangan uji coba sistem jaringan kompleks;Rancangan uji coba dibuat bila terdapat rancangan/ implementasi baru dari sistem jaringan kompleks.;4 per tahun;Menyusun rancangan uji coba sistem jaringan kompleks;II.A.8
140;II;Infrastruktur Teknologi Informasi;A;Sistem Jaringan Komputer;9;Melakukan uji coba sistem jaringan komputer kompleks;0.11;Pertama;v;Design and Strategy;Tim Manajemen Risiko dan Peluang;Laporan uji coba sistem jaringan komputer kompleks;"1. Uji coba dilakukan berdasarkan rancangan uji coba.
2. Prakom yang melakukan uji coba harus berbeda dengan prakom yang mengimplementasikan sistem jaringan kompleks.";4 per tahun;Melakukan uji coba sistem jaringan komputer kompleks;II.A.9
141;II;Infrastruktur Teknologi Informasi;A;Sistem Jaringan Komputer;10;Melakukan evaluasi uji coba sistem jaringan komputer sederhana;0.055;Pertama;v;Design and Strategy;Tim Manajemen Risiko dan Peluang;Dokumen hasil evaluasi uji coba sistem jaringan komputer sederhana;Kegiatan evaluasi uji coba dapat dilakukan setelah kegiatan uji coba dilakukan.;4 per tahun;Melakukan evaluasi uji coba sistem jaringan komputer sederhana;II.A.10
142;II;Infrastruktur Teknologi Informasi;A;Sistem Jaringan Komputer;11;Melakukan evaluasi uji coba sistem jaringan komputer kompleks;0.16;Muda;v;Design and Strategy;Tim Manajemen Risiko dan Peluang;Dokumen hasil evaluasi uji coba sistem jaringan komputer kompleks;"1. Prakom yang melakukan evaluasi uji coba harus berbeda dengan prakom yang mengimplementasikan sistem jaringan komputer kompleks.
2. Kegiatan evaluasi uji coba dapat dilakukan setelah kegiatan uji coba dilakukan.";4 per tahun;Melakukan evaluasi uji coba sistem jaringan komputer kompleks;II.A.11
143;II;Infrastruktur Teknologi Informasi;A;Sistem Jaringan Komputer;12; Menyusun dokumentasi penggunaan sistem jaringan komputer;0.08;Pertama;v;Design and Strategy;Tim Manajemen Risiko dan Peluang;Dokumen penggunaan sistem jaringan komputer;"1. Dokumentasi penggunaan dapat dibuat jika sistem jaringan operasional.
2. Dokumen yang dapat dinilai merupakan dokumen yang terkait dengan salah satu area pada cakupan.";4 per tahun; Menyusun dokumentasi penggunaan sistem jaringan komputer;II.A.12
144;II;Infrastruktur Teknologi Informasi;A;Sistem Jaringan Komputer;13;Melakukan analisis permasalahan dari hasil pemantauan (monitoring) jaringan;0.08;Muda;v;Design and Strategy;Tim Manajemen Risiko dan Peluang;Dokumen hasil analisis permasalahan dari hasil pemantauan jaringan;Kegiatan ini dapat dilakukan jika terdapat anomali/ permasalahan pada hasil pemantauan jaringan.;4 per tahun;Melakukan analisis permasalahan dari hasil pemantauan (monitoring) jaringan;II.A.13
145;II;Infrastruktur Teknologi Informasi;A;Sistem Jaringan Komputer;14;Melakukan optimalisasi sistem jaringan ;0.06;Pertama;v;Design and Strategy;Tim Manajemen Risiko dan Peluang;Dokumen optimalisasi sistem jaringan;"1. Kegiatan ini dapat diajukan jika terdapat permintaan dari pengguna atau untuk mengatasi permasalahan yang terjadi pada sistem jaringan.
2. Pemberian angka kredit berdasarkan satuan kegiatan.";4 per tahun;Melakukan optimalisasi sistem jaringan ;II.A.14
146;II;Infrastruktur Teknologi Informasi;A;Sistem Jaringan Komputer;15;Melakukan deteksi dan atau perbaikan terhadap permasalahan yang terjadi pada sistem jaringan kompleks;0.083;Pertama;v;Design and Strategy;Tim Manajemen Risiko dan Peluang;Dokumen hasil deteksi dan atau perbaikan terhadap permasalahan yang terjadi pada sistem jaringan kompleks;"1. Perbaikan dan deteksi dilakukan hanya pada perangkat jaringan yang terkait dengan sistem jaringan kompleks
2. Maksimal kegiatan yang dapat dinilai adalah 4 kali dalam satu bulan untuk setiap kegiatan";96 per tahun;Melakukan deteksi dan atau perbaikan terhadap permasalahan yang terjadi pada sistem jaringan kompleks;II.A.15
147;II;Infrastruktur Teknologi Informasi;A;Sistem Jaringan Komputer;16;Menyusun rumusan kebijakan keamanan jaringan;0.33;Madya;v;Security Function;Tim Akses Kontrol, Tim Keamanan dan Kontrol  Fisik dan Lingkungan;Dokumen rumusan kebijakan keamanan jaringan;Jumlah maksimum kegiatan pembuatan kebijakan keamanan data yang dapat dinilai adalah 1 (satu) kali per semester.;2 per tahun;Menyusun rumusan kebijakan keamanan jaringan;II.A.16
148;II;Infrastruktur Teknologi Informasi;A;Sistem Jaringan Komputer;17;Melakukan reviu kebijakan keamanan jaringan;0.165;Madya;v;Security Function;Tim Akses Kontrol, Tim Keamanan dan Kontrol  Fisik dan Lingkungan;Dokumen hasil reviu kebijakan keamanan jaringan;"1. Kegiatan ini dapat dilakukan untuk setiap kebijakan kemanan jaringan yang berlaku pada organisasi saat sekarang.
2. Jumlah maksimum kegiatan reviu kebijakan kemanan jaringan yang digunakan organisasi saat ini yang dapat dinilai adalah satu kali dalam satu semester";2 per tahun;Melakukan reviu kebijakan keamanan jaringan;II.A.17
149;II;Infrastruktur Teknologi Informasi;A;Sistem Jaringan Komputer;18;Menyusun prosedur keamanan jaringan ;0.11;Muda;v;Security Function;Tim Akses Kontrol, Tim Keamanan dan Kontrol  Fisik dan Lingkungan;Dokumen Prosedur keamanan jaringan;Maksimal kegiatan yang dapat dilaksanakan adalah 3 kali tiap semester;6 per tahun;Menyusun prosedur keamanan jaringan ;II.A.18
150;II;Infrastruktur Teknologi Informasi;A;Sistem Jaringan Komputer;19;Menyusun petunjuk teknis sistem jaringan komputer dan keamanan jaringan;0.44;Muda;v;Security Function;Tim Akses Kontrol, Tim Keamanan dan Kontrol  Fisik dan Lingkungan;Buku petunjuk teknis sistem jaringan komputer dan keamanan jaringan;"1. Kegiatan ini dapat dilakukan untuk setiap kebijakan sistem jaringan komputer dan keamanan jaringan yang berlaku pada organisasi.
2. Jumlah maksimum kegiatan penyusunan petunjuk teknis ini yang dapat dinilai adalah 1 (satu) kali per semester";2 per tahun;Menyusun petunjuk teknis sistem jaringan komputer dan keamanan jaringan;II.A.19
151;II;Infrastruktur Teknologi Informasi;A;Sistem Jaringan Komputer;20;Melakukan pemeriksaan kepatuhan terhadap kebijakan keamanan jaringan;0.44;Muda;v;Risk and Audit;Tim Manajemen Audit;Dokumen hasil pemeriksaan kepatuhan terhadap kebijakan keamanan jaringan;Pemeriksaan kepatuhan terhadap kebijakan keamanan jaringan harus dilakukan secara bulanan, dan dapat dikompilasi menjadi catatan pemeriksaan kepatuhan selama satu semester.;12 per tahun;Melakukan pemeriksaan kepatuhan terhadap kebijakan keamanan jaringan;II.A.20
152;II;Infrastruktur Teknologi Informasi;B;Manajemen Infrastruktur TI;1;Menyusun rencana pengoperasian infrastruktur TI;0.11;Muda;v;Design and Strategy;Tim Manajemen Audit;Dokumen rencana pengoperasian infrastruktur TI;Kegiatan ini dapat dilakukan maksimal 1 kali dalam 3 bulan.;4 per tahun;Menyusun rencana pengoperasian infrastruktur TI;II.B.1
153;II;Infrastruktur Teknologi Informasi;B;Manajemen Infrastruktur TI;2;Menyusun KAK;0.88;Muda;v;Design and Strategy;Tim Manajemen Audit;Dokumen Kerangka Acuan Kerja;Maksimal kegiatan yang dapat dinilai adalah sebanyak 3 (tiga) kali per tahun;3 per tahun;Menyusun KAK;II.B.2
154;II;Infrastruktur Teknologi Informasi;B;Manajemen Infrastruktur TI;3;Melakukan evaluasi proposal teknis penyedia barang/jasa infrastruktur TI;0.11;Muda;v;Design and Strategy;Tim Manajemen Audit;Dokumen hasil evaluasi proposal teknis penyedia barang/jasa infrastruktur TI;Maksimal kegiatan yang dapat dinilai adalah sebanyak 6 kali dalam 1 tahun.;6 per tahun;Melakukan evaluasi proposal teknis penyedia barang/jasa infrastruktur TI;II.B.3
155;II;Infrastruktur Teknologi Informasi;B;Manajemen Infrastruktur TI;4;Melakukan pengkajian terhadap pemenuhan/kesesuaian infrastruktur TI terhadap regulasi;0.825;Madya;v;Design and Strategy;Tim Manajemen Audit;Dokumen kajian terhadap pemenuhan/ kesesuaian infrastruktur TI terhadap regulasi;Maksimal kegiatan yang dapat dinilai adalah 1 (satu) kali per semester.;2 per tahun;Melakukan pengkajian terhadap pemenuhan/kesesuaian infrastruktur TI terhadap regulasi;II.B.4
156;II;Infrastruktur Teknologi Informasi;B;Manajemen Infrastruktur TI;5;Melakukan pemeriksaan kesesuaian antara Infrastruktur TI dengan spesifikasi teknis;0.11;Pertama;v;Design and Strategy;Tim Manajemen Audit;Dokumen hasil pemeriksaan kesesuaian antara Infrastruktur TI dengan spesifikasi teknis;Maksimal kegiatan yang dapat dinilai adalah 3 (tiga) kali kegiatan pemeriksaan per tahun;3 per tahun;Melakukan pemeriksaan kesesuaian antara Infrastruktur TI dengan spesifikasi teknis;II.B.5
157;II;Infrastruktur Teknologi Informasi;B;Manajemen Infrastruktur TI;6;Melakukan pengujian infrastruktur TI ;0.09;Pertama;v;Design and Strategy;Tim Manajemen Audit;Laporan hasil pengujian infrastruktur TI;"1. Pemberian angka kredit berdasarkan satuan kegiatan.
2. Maksimal kegiatan yang dapat dinilai adalah 3 (tiga) kali per tahun
3. Kegiatan yang dapat diajukan adalah kegiatan pengujian perangkat untuk yang pertama kali.";3 per tahun;Melakukan pengujian infrastruktur TI ;II.B.6
158;II;Infrastruktur Teknologi Informasi;B;Manajemen Infrastruktur TI;7;Menyusun rencana pemeliharaan infrastruktur TI;0.374;Muda;v;Design and Strategy;Tim Manajemen Audit;Dokumen rencana pemeliharaan infrastruktur TI;"1. Kegiatan ini dapat dilakukan untuk setiap kegiatan perencanaan pemeliharaan terhadap komponen dalam infrastruktur TI dalam suatu satuan kerja/ institusi.
2. Jumlah maksimum kegiatan yang dapat diajukan yaitu 2 (dua) kali pertahun";2 per tahun;Menyusun rencana pemeliharaan infrastruktur TI;II.B.7
159;II;Infrastruktur Teknologi Informasi;B;Manajemen Infrastruktur TI;8;Melakukan pemeliharaan infrastruktur TI ;0.06;Pertama;v;Design and Strategy;Tim Manajemen Audit;Laporan pemeliharaan infrastruktur TI;"1. Jumlah maksimum kegiatan pemeliharaan infrastruktur TI yang dapat dinilai adalah 1 (satu) kali per minggu.
2. Pemberian angka kredit berdasarkan satuan kegiatan.";52 per tahun;Melakukan pemeliharaan infrastruktur TI ;II.B.8
160;II;Infrastruktur Teknologi Informasi;B;Manajemen Infrastruktur TI;9;Melakukan pemasangan infrastruktur TI ;0.165;Pertama;v;Design and Strategy;Tim Manajemen Audit;Laporan pemasangan infrastruktur TI;"1. Jumlah maksimum kegiatan pemasangan infrastruktur TI yang dapat dinilai adalah 1 (satu) kali per bulan.
2. Pemberian angka kredit berdasarkan satuan kegiatan.";12 per tahun;Melakukan pemasangan infrastruktur TI ;II.B.9
161;II;Infrastruktur Teknologi Informasi;B;Manajemen Infrastruktur TI;10;Melakukan pengaturan akses keamanan fisik TI;0.015;Pertama;v;Security Function;Tim Akses Kontrol, Tim Kendali Keamanan;Dokumen aturan akses keamanan fisik TI;"1. Pengaturan akses keamanan fisik infrastruktur TI dapat dilakukan maksimal sebanyak 1 kali dalam satu bulan.
2. Pemberian angka kredit berdasarkan satuan kegiatan.";12 per tahun;Melakukan pengaturan akses keamanan fisik TI;II.B.10
162;II;Infrastruktur Teknologi Informasi;B;Manajemen Infrastruktur TI;11;Melakukan analisis permasalahan dari hasil pemantauan (monitoring) kinerja infrastruktur TI;0.08;Muda;v;Design and Strategy;Tim Akses Kontrol, Tim Kendali Keamanan;Dokumen hasil analisis permasalahan dari hasil pemantauan kinerja infrastruktur TI;"1. Kegiatan ini dapat dilakukan jika terdapat anomali/permasalahan pada hasil pemantauan (monitoring) kinerja infrastruktur TI.
2. Jumlah maksimum kegiatan yang dinilai adalah satu kali per minggu.";52 per tahun;Melakukan analisis permasalahan dari hasil pemantauan (monitoring) kinerja infrastruktur TI;II.B.11
163;II;Infrastruktur Teknologi Informasi;B;Manajemen Infrastruktur TI;12;Melakukan deteksi dan atau perbaikan terhadap permasalahan infrastruktur TI;0.03;Pertama;v;Design and Strategy;Tim Akses Kontrol, Tim Kendali Keamanan;Laporan hasil deteksi dan atau perbaikan terhadap permasalahan infrastruktur TI;"1. Maksimal kegiatan yang dapat dinilai adalah 8 kali dalam satu bulan untuk setiap kegiatan deteksi atau perbaikan perangkat TI sesuai cakupan.
2. Perbaikan dilakukan secara swakelola bukan oleh pihak ke 3.";192 per tahun;Melakukan deteksi dan atau perbaikan terhadap permasalahan infrastruktur TI;II.B.12
164;II;Infrastruktur Teknologi Informasi;B;Manajemen Infrastruktur TI;13;Menyusun prosedur pemanfaatan infrastruktur TI;0.055;Pertama;v;Design and Strategy;Tim Akses Kontrol, Tim Kendali Keamanan;Dokumen prosedur pemanfaatan infrastruktur TI;Maksimal kegiatan yang dapat dinilai adalah 12 (Dua Belas) kali per tahun.;12 per tahun;Menyusun prosedur pemanfaatan infrastruktur TI;II.B.13
165;II;Infrastruktur Teknologi Informasi;B;Manajemen Infrastruktur TI;14;"Menyiapkan peralatan video conference (vicon/streaming ), monitoring peralatan (audio,
video, dan perangkat jaringan), mengatur layout";0.033;Pertama;v;Design and Strategy;Tim Akses Kontrol, Tim Kendali Keamanan;Laporan hasil penyiapan peralatan vicon, monitoring peralatan, dan pengaturan layout;"Maksimal kegiatan yang dapat dinilai adalah 8
(delapan) kali per bulan.";96 per tahun;"Menyiapkan peralatan video conference (vicon/streaming ), monitoring peralatan (audio,
video, dan perangkat jaringan), mengatur layout";II.B.14
166;II;Infrastruktur Teknologi Informasi;B;Manajemen Infrastruktur TI;15;Melakukan optimalisasi kinerja infrastruktur TI;0.015;Pertama;v;Design and Strategy;Tim Akses Kontrol, Tim Kendali Keamanan;Dokumen optimalisasi kinerja infrastruktur TI;"1. Pemberian angka kredit berdasarkan satuan kegiatan.
2. Jumlah maksimum kegiatan optimalisasi infrastruktur TI yang dapat dinilai adalah satu kali dalam satu minggu";52 per tahun;Melakukan optimalisasi kinerja infrastruktur TI;II.B.15
167;III;Sistem Informasi dan Multimedia;A;Sistem Informasi ;1;Menyusun usulan pembangunan sistem informasi;0.88;Muda;v;Design and Strategy;Tim Akses Kontrol, Tim Kendali Keamanan;Dokumen usulan pembangunan sistem informasi;18 (delapan belas) dokumen per tahun. Minimal 20 halaman (A4, spasi 1, satu halaman tidak boleh berisi gambar saja minimal harus ada penjelasannya);18 per tahun;Menyusun usulan pembangunan sistem informasi;III.A.1
168;III;Sistem Informasi dan Multimedia;A;Sistem Informasi ;2;Menyusun rencana studi kelayakan sistem informasi;0.22;Muda;v;Design and Strategy;Tim Akses Kontrol, Tim Kendali Keamanan;Proposal rencana studi kelayakan sistem informasi;18 (delapan belas) proposal per tahun;18 per tahun;Menyusun rencana studi kelayakan sistem informasi;III.A.2
169;III;Sistem Informasi dan Multimedia;A;Sistem Informasi ;3;Melakukan studi kelayakan sistem informasi;0.44;Muda;v;Design and Strategy;Tim Akses Kontrol, Tim Kendali Keamanan;Dokumen hasil studi kelayakan sistem informasi;18 (delapan belas) dokumen per tahun. Minimal 20 halaman (A4, spasi 1, satu halaman tidak boleh berisi gambar saja minimal harus ada penjelasannya);18 per tahun;Melakukan studi kelayakan sistem informasi;III.A.3
170;III;Sistem Informasi dan Multimedia;A;Sistem Informasi ;4;Melakukan identifikasi kebutuhan pengguna sistem informasi;0.55;Muda;v;Design and Strategy;Tim Akses Kontrol, Tim Kendali Keamanan;Dokumen hasil identifikasi kebutuhan pengguna sistem informasi;18 (delapan belas) dokumen per tahun;18 per tahun;Melakukan identifikasi kebutuhan pengguna sistem informasi;III.A.4
171;III;Sistem Informasi dan Multimedia;A;Sistem Informasi ;5;Melakukan analisis sistem informasi;0.54;Muda;v;Design and Strategy;Tim Akses Kontrol, Tim Kendali Keamanan;Dokumen hasil analisis sistem informasi;18 (delapan belas) kali per tahun;18 per tahun;Melakukan analisis sistem informasi;III.A.5
172;III;Sistem Informasi dan Multimedia;A;Sistem Informasi ;6;Melakukan pemodelan proses sistem informasi;0.54;Muda;v;Design and Strategy;Tim Akses Kontrol, Tim Kendali Keamanan;Dokumen hasil pemodelan proses sistem informasi;18 (delapan belas) kali per tahun;18 per tahun;Melakukan pemodelan proses sistem informasi;III.A.6
173;III;Sistem Informasi dan Multimedia;A;Sistem Informasi ;7;Melakukan perancangan sistem informasi ;0.66;Pertama;v;Design and Strategy;Tim Akses Kontrol, Tim Kendali Keamanan;Dokumen hasil perancangan sistem informasi;18 (delapaqn belas) kali per tahun;18 per tahun;Melakukan perancangan sistem informasi ;III.A.7
174;III;Sistem Informasi dan Multimedia;A;Sistem Informasi ;8;Membuat algoritma pemrograman ;0.44;Muda;v;Design and Strategy;Tim Akses Kontrol, Tim Kendali Keamanan;Dokumen algoritma program;"18 (delapan belas) kali per tahun
1. Keseluruhan algoritma dalam satu sistem tersebut;
2. Kategori pembobotan kompleksitas butir ini mengikuti butir kegiatan pembuatan paket program.";18 per tahun;Membuat algoritma pemrograman ;III.A.8
175;III;Sistem Informasi dan Multimedia;A;Sistem Informasi ;9;Membuat program aplikasi sistem informasi ;1.21;Pertama;v;Design and Strategy;Tim Akses Kontrol, Tim Kendali Keamanan;Program aplikasi sistem informasi;18 (delapan belas) program per tahun;18 per tahun;Membuat program aplikasi sistem informasi ;III.A.9
176;III;Sistem Informasi dan Multimedia;A;Sistem Informasi ;10;Mengembangkan program aplikasi sistem informasi;0.6;Pertama;v;Design and Strategy;Tim Akses Kontrol, Tim Kendali Keamanan;Dokumentasi hasil pengembangan program aplikasi sistem informasi;18 (delapan belas) kegiatan per tahun;18 per tahun;Mengembangkan program aplikasi sistem informasi;III.A.10
177;III;Sistem Informasi dan Multimedia;A;Sistem Informasi ;11;Menyusun definisi rule validasi pada program aplikasi sistem informasi;0.44;Muda;v;Design and Strategy;Tim Akses Kontrol, Tim Kendali Keamanan;Dokumen rule validasi pada program aplikasi sistem informasi;"18 (delapan belas) kali per tahun. Kompleksitas penyusunan rule validasi dilihat berdasarkan banyaknya rule validasi terkait konsistensi variabel adalah sebagai berikut:
1. Rendah: < 30;
2. Sedang: 30  100;
3. Tinggi: > 100;
Besaran AK berdasarkan tingkatan kompleksitas tersebut adalah
1. Rendah: 0,220;
2. Sedang: 0,330;
3. Tinggi: 0,440,";18 per tahun;Menyusun definisi rule validasi pada program aplikasi sistem informasi;III.A.11
178;III;Sistem Informasi dan Multimedia;A;Sistem Informasi ;12;Melakukan penyiapan data untuk uji coba sistem informasi;0.11;Pertama;v;Design and Strategy;Tim Akses Kontrol, Tim Kendali Keamanan;Dokumen contoh data uji coba sistem informasi;18 (delapan belas) kali per tahun;18 per tahun;Melakukan penyiapan data untuk uji coba sistem informasi;III.A.12
179;III;Sistem Informasi dan Multimedia;A;Sistem Informasi ;13;Menyusun skenario uji coba sistem informasi;0.14;Muda;v;Security Function;Tim Keamanan Operasional Kontrol;Dokumen skenario uji coba sistem informasi;18 (delapan belas) kali per tahun;18 per tahun;Menyusun skenario uji coba sistem informasi;III.A.13
180;III;Sistem Informasi dan Multimedia;A;Sistem Informasi ;14;Melakukan uji coba sistem informasi ;0.055;Pertama;v;Security Function;Tim Keamanan Operasional Kontrol;Laporan uji coba sistem informasi;18 (delapan belas) kali per tahun;18 per tahun;Melakukan uji coba sistem informasi ;III.A.14
181;III;Sistem Informasi dan Multimedia;A;Sistem Informasi ;15;Melakukan pemeriksaan dan analisis hasil uji coba sistem informasi;0.22;Muda;v;Security Function;Tim Keamanan Operasional Kontrol;Laporan hasil pemeriksaan dan analisis hasil uji coba sistem informasi;18 (delapan belas) kali per tahun;18 per tahun;Melakukan pemeriksaan dan analisis hasil uji coba sistem informasi;III.A.15
182;III;Sistem Informasi dan Multimedia;A;Sistem Informasi ;16;Melakukan deteksi dan atau perbaikan kerusakan sistem informasi;0.182;Pertama;v;Security Function;Tim Keamanan Operasional Kontrol;Laporan hasil deteksi dan atau perbaikan kerusakan sistem informasi;"36 (tiga puluh enam) kali per tahun dengan penjelasan sebagai berikut:
1. Syarat dari kegiatan ini adalah melakukan deteksi dan atau perbaikan kerusakan dari sistem informasi yang sudah rilis atau go live;
2. Jika mengerjakan salah satu maka mendapat nilai 1 sedangkan jika mengerjakan keduanya mendapat nilai 2;
3. Jika pendeteksian kesalahan dilakukan oleh sistem/tools maka AK yang diperoleh 80%;
4. Terkait dengan mendeteksi dan memperbaiki kerusakan harus dicantumkan analisis kerusakan untuk menentukan proporsi penilaian.";72 per tahun;Melakukan deteksi dan atau perbaikan kerusakan sistem informasi;III.A.16
183;III;Sistem Informasi dan Multimedia;A;Sistem Informasi ;17;Menyusun petunjuk operasional program aplikasi sistem informasi;0.165;Pertama;v;Security Function;Tim Keamanan Operasional Kontrol;Buku petunjuk operasional program aplikasi sistem informasi;54 (lima puluh empat) dokumen per tahun;54 per tahun;Menyusun petunjuk operasional program aplikasi sistem informasi;III.A.17
184;III;Sistem Informasi dan Multimedia;A;Sistem Informasi ;18;Menyusun dokumentasi pengembangan sistem informasi;0.08;Pertama;v;Security Function;Tim Keamanan Operasional Kontrol;Dokumen pengembangan sistem informasi;18 (delapan belas) dokumen per tahun;18 per tahun;Menyusun dokumentasi pengembangan sistem informasi;III.A.18
185;III;Sistem Informasi dan Multimedia;A;Sistem Informasi ;19;Melakukan instalasi/upgrade dan konfigurasi sistem operasi/aplikasi;0.11;Pertama;v;Security Function;Tim Keamanan Operasional Kontrol;Laporan pelaksanaan instalasi/upgrade dan konfigurasi sistem operasi/aplikasi;12 (dua belas) kali per tahun;12 per tahun;Melakukan instalasi/upgrade dan konfigurasi sistem operasi/aplikasi;III.A.19
186;III;Sistem Informasi dan Multimedia;A;Sistem Informasi ;20;Melakukan pemantauan (monitoring) kinerja aplikasi sistem informasi di lingkungan instansi;0.11;Muda;v;Design and Strategy;Tim Keamanan Operasional Kontrol;Laporan pemantauan kinerja aplikasi sistem informasi di lingkungan instansi;12 (dua belas) kali per tahun;12 per tahun;Melakukan pemantauan (monitoring) kinerja aplikasi sistem informasi di lingkungan instansi;III.A.20
187;III;Sistem Informasi dan Multimedia;B;Pengolahan Data;1;Menyusun rencana studi kelayakan untuk pengolahan data;0.22;Muda;v;Design and Strategy;Tim Keamanan Operasional Kontrol;Proposal rencana studi kelayakan pengolahan data;18 (delapan belas) proposal per tahun;18 per tahun;Menyusun rencana studi kelayakan untuk pengolahan data;III.B.1
188;III;Sistem Informasi dan Multimedia;B;Pengolahan Data;2;Melakukan studi kelayakan untuk pengolahan data;0.44;Muda;v;Design and Strategy;Tim Keamanan Operasional Kontrol;Dokumen hasil studi kelayakan pengolahan data;18 (delapan belas) dokumen per tahun. Minimal 20 halaman (setara kertas A4 dengan spasi 1,5).;18 per tahun;Melakukan studi kelayakan untuk pengolahan data;III.B.2
189;III;Sistem Informasi dan Multimedia;B;Pengolahan Data;3;Menyusun prosedur pengolahan data;0.11;Muda;v;Design and Strategy;Tim Keamanan Operasional Kontrol;Dokumen prosedur pengolahan data;18 (delapan belas) dokumen per tahun;18 per tahun;Menyusun prosedur pengolahan data;III.B.3
190;III;Sistem Informasi dan Multimedia;B;Pengolahan Data;4;Menyusun petunjuk teknis pelaksanaan pengolahan data;0.44;Muda;v;Design and Strategy;Tim Keamanan Operasional Kontrol;Buku petunjuk teknis pelaksanaan pengolahan data;"18 (delapan belas) buku per tahun. Minimal 30 halaman
per buku. (A4 spasi 1,5 Times New Roman margin 4333)";18 per tahun;Menyusun petunjuk teknis pelaksanaan pengolahan data;III.B.4
191;III;Sistem Informasi dan Multimedia;B;Pengolahan Data;5;Melakukan Data Crawling, Data Feeding, atau Data Loading;0.05;Pertama;v;Design and Strategy;Tim Keamanan Operasional Kontrol;Laporan hasil data crawling, data feeding, atau data loading;"Dalam satu bulan, data crawling, data feeding, dan data loading,
dapat dilakukan 4 kali";48 per tahun;Melakukan Data Crawling, Data Feeding, atau Data Loading;III.B.5
192;III;Sistem Informasi dan Multimedia;B;Pengolahan Data;6;Melakukan manipulasi data;0.165;Pertama;v;Design and Strategy;Tim Keamanan Operasional Kontrol;Laporan manipulasi data;18 (delapan belas) laporan per tahun;18 per tahun;Melakukan manipulasi data;III.B.6
193;III;Sistem Informasi dan Multimedia;B;Pengolahan Data;7;Melakukan pemantauan (monitoring) pengolahan data;0.08;Muda;v;Design and Strategy;Tim Keamanan Operasional Kontrol;Laporan hasil pemantauan pengolahan data;52 (lima puluh dua) kali per tahun (per kegiatan misal satu set data Susenas atau per kegiatan pengolahan data minimal satu hari);52 per tahun;Melakukan pemantauan (monitoring) pengolahan data;III.B.7
194;III;Sistem Informasi dan Multimedia;B;Pengolahan Data;8;Melakukan evaluasi pengolahan data ;0.1;Muda;v;Design and Strategy;Tim Keamanan Operasional Kontrol;Dokumen hasil evaluasi pengolahan data;52 (lima puluh dua) kali per tahun;52 per tahun;Melakukan evaluasi pengolahan data ;III.B.8
195;III;Sistem Informasi dan Multimedia;C;Area TI spesial / khusus;1;Menyusun definisi sistem proyeksi pada suatu data spasial;0.02;Pertama;v;Design and Strategy;Tim Keamanan Operasional Kontrol;Dokumen sistem proyeksi data spasial;5 (lima) kali per bulan;60 per tahun;Menyusun definisi sistem proyeksi pada suatu data spasial;III.C.1
196;III;Sistem Informasi dan Multimedia;C;Area TI spesial / khusus;2;Membuat peta tematik rinci ;0.165;Pertama;v;Design and Strategy;Tim Keamanan Operasional Kontrol;Peta tematik rinci;10 (sepuluh) peta tematik per bulan. Untuk pembuatan peta tematik menggunakan generator hanya dapat di hitung sekali saat membuat template/layout dari peta yang akan di generate.;120 per tahun;Membuat peta tematik rinci ;III.C.2
197;III;Sistem Informasi dan Multimedia;C;Area TI spesial / khusus;3;Melakukan pengolahan data atribut dan spasial rinci;0.09;Pertama;v;Design and Strategy;Tim Keamanan Operasional Kontrol;Laporan hasil pengolahan peta yang telah dilengkapi data atribut dan spasial rinci;2 (dua) kali per bulan.;24 per tahun;Melakukan pengolahan data atribut dan spasial rinci;III.C.3
198;III;Sistem Informasi dan Multimedia;C;Area TI spesial / khusus;4;Melakukan analisis data spasial;0.1;Muda;v;Design and Strategy;Tim Keamanan Operasional Kontrol;Dokumen hasil analisis data spasial;4 (empat) kali per bulan.;48 per tahun;Melakukan analisis data spasial;III.C.4
199;III;Sistem Informasi dan Multimedia;C;Area TI spesial / khusus;5;Mengoperasikan tools untuk membuat storyboard;0.04;Pertama;v;Design and Strategy;Tim Keamanan Operasional Kontrol;Storyboard;24 (dua puluh empat) kali per tahun.;24 per tahun;Mengoperasikan tools untuk membuat storyboard;III.C.5
200;III;Sistem Informasi dan Multimedia;C;Area TI spesial / khusus;6;Membuat flowchart untuk pemrograman multimedia;0.11;Pertama;v;Design and Strategy;Tim Keamanan Operasional Kontrol;Flowchart pemrograman multimedia;1 (satu) flowchart per bulan.;12 per tahun;Membuat flowchart untuk pemrograman multimedia;III.C.6
201;III;Sistem Informasi dan Multimedia;C;Area TI spesial / khusus;7;Melakukan editing objek multimedia kompleks dengan piranti lunak;0.07;Pertama;v;Design and Strategy;Tim Keamanan Operasional Kontrol;Dokumen hasil editing obyek multimedia kompleks;24 (dua puluh empat) kali per tahun.;24 per tahun;Melakukan editing objek multimedia kompleks dengan piranti lunak;III.C.7
202;III;Sistem Informasi dan Multimedia;C;Area TI spesial / khusus;8;Membuat objek multimedia kompleks dengan piranti lunak;0.165;Pertama;v;Design and Strategy;Tim Keamanan Operasional Kontrol;Dokumen obyek multimedia kompleks;1 (satu) kali per bulan.;12 per tahun;Membuat objek multimedia kompleks dengan piranti lunak;III.C.8
203;III;Sistem Informasi dan Multimedia;C;Area TI spesial / khusus;9;Membuat prototype kompleks pada program multimedia;0.165;Pertama;v;Design and Strategy;Tim Keamanan Operasional Kontrol;Dokumen prototype kompleks pada program multimedia;1 (satu) kali per bulan. Namun jumlah prototype yang diajukan harus sesuai dengan jumlah program multimedia yang dibuat. Maksimal 1 prototype untuk 1 program multimedia, prototype yang diajukan adalah prototype terkahir yang telah disetujui jika menggunakan metode iterative prototyping.;12 per tahun;Membuat prototype kompleks pada program multimedia;III.C.9
204;III;Sistem Informasi dan Multimedia;C;Area TI spesial / khusus;10;Membuat program multimedia kompleks;0.6;Pertama;v;Design and Strategy;Tim Keamanan Operasional Kontrol;Program multimedia kompleks;4 (empat) kali per tahun.;4 per tahun;Membuat program multimedia kompleks;III.C.10
205;III;Sistem Informasi dan Multimedia;C;Area TI spesial / khusus;11;Menyusun skenario uji coba program multimedia;0.14;Muda;v;Design and Strategy;Tim Keamanan Operasional Kontrol;Dokumen skenario uji coba program multimedia;1 (satu) kali per bulan.;12 per tahun;Menyusun skenario uji coba program multimedia;III.C.11
